name,description,price
MSI GF65 Thin 10UE-098CZ kovový,"Herní notebook - Intel Core i5 10500H Comet Lake,  15.6 IPS matný 1920 × 1080 144Hz,  RAM  16GB DDR4,  NVIDIA GeForce RTX 3060 6GB,  SSD  512GB,  podsvícená klávesnice,  webkamera,  USB-C, WiFi 6,  51 Wh baterie, Hmotnost 1,86 kg,  Windows 10 Home ",30990
MSI GF65 Thin 10UE-098CZ kovový,"Notebook - Intel Core i7 10750H Comet Lake,  17.3 IPS matný 1920 × 1080 240Hz,  RAM  16GB DDR4,  NVIDIA GeForce RTX 3070 8GB 140 W,  SSD  1000GB,  numerická klávesnice, podsvícená RGB klávesnice,  webkamera,  USB-C, WiFi 6,  65 Wh baterie, Hmotnost 2,9 kg,  Windows 10 Home ",48990
MSI GF65 Thin 10UE-098CZ kovový,"Herní notebook - Intel Core i7 10870H Comet Lake,  15.6 IPS matný 1920 × 1080 144Hz,  RAM  16GB DDR4,  NVIDIA GeForce RTX 3080 8GB 110 W,  SSD  1000GB, podsvícená RGB klávesnice,  webkamera,  USB 3.2 Gen 1,  USB-C, WiFi 6,  59 Wh baterie, Hmotnost 2,5 kg,  Windows 10 Home, HDD upgrade kit (PH315-53-7377) ",61990
MSI GF65 Thin 10UE-098CZ kovový,"Herní notebook - Intel Core i5 9300H Coffee Lake,  15.6 IPS matný 1920 × 1080 120Hz,  RAM  8GB DDR4,  NVIDIA GeForce GTX 1650 4GB,  SSD  512GB,  numerická klávesnice,  podsvícená klávesnice,  webkamera,  USB-C, WiFi 6,  56 Wh baterie, Hmotnost 2,5 kg,  Windows 10 Home, HDD upgrade kit (AN515-54-54KC) ",21990
MSI GF65 Thin 10UE-098CZ kovový,"Herní notebook - AMD Ryzen 5 4600H,  15.6 IPS antireflexní 1920 × 1080,  RAM  8GB DDR4,  NVIDIA GeForce GTX 1650 4GB,  SSD  256GB,  numerická klávesnice,  podsvícená klávesnice,  webkamera,  USB 3.2 Gen 1,  USB-C, WiFi 5, Hmotnost 2,2 kg,  Bez operačního systému ",16890
MSI GF65 Thin 10UE-098CZ kovový,"Herní notebook - Intel Core i5 9300H Coffee Lake,  17.3 IPS matný 1920 × 1080 120Hz,  RAM  16GB DDR4,  NVIDIA GeForce RTX 2060  6GB,  SSD  1000GB,  podsvícená klávesnice,  USB-C, WiFi 6,  3850 mAh baterie, Hmotnost 3 kg,  Windows 10 Home, HDD upgrade kit (AN517-51-553L) ",27990
MSI GF65 Thin 10UE-098CZ kovový,"Herní notebook - AMD Ryzen 5 4600H,  15.6 IPS matný 1920 × 1080 144Hz,  RAM  8GB DDR4,  NVIDIA GeForce GTX 1650 4GB,  SSD  512GB,  numerická klávesnice,  podsvícená klávesnice,  webkamera,  USB 3.2 Gen 1,  USB-C, WiFi 5,  52,5 Wh baterie, Hmotnost 2,25 kg,  Windows 10 Home (25P51EA) ",20990
MSI GF65 Thin 10UE-098CZ kovový,"Herní notebook - Intel Core i5 9300H Coffee Lake,  15.6 IPS matný 1920 × 1080 120Hz,  RAM  16GB DDR4,  NVIDIA GeForce RTX 2060  6GB,  SSD  1000GB,  podsvícená klávesnice,  USB-C, WiFi 6,  3850 mAh baterie, Hmotnost 2,3 kg,  Windows 10 Home, HDD upgrade kit (AN515-54-581E) ",27990
MSI GF65 Thin 10UE-098CZ kovový,"Herní notebook - AMD Ryzen 5 4600H,  15.6 IPS antireflexní 1920 × 1080 144Hz,  RAM  16GB DDR4,  NVIDIA GeForce RTX 2060  6GB,  SSD  512GB,  numerická klávesnice, podsvícená RGB klávesnice,  webkamera,  USB 3.2 Gen 1,  USB-C, WiFi 6,  80 Wh baterie, Hmotnost 2,46 kg,  Bez operačního systému ",24989
MSI GF65 Thin 10UE-098CZ kovový,"Herní notebook - Intel Core i7 10750H Comet Lake,  15.6 IPS matný 1920 × 1080 144Hz,  RAM  8GB DDR4,  NVIDIA GeForce RTX 3060 6GB 95 W,  SSD  512GB,  numerická klávesnice, podsvícená RGB klávesnice,  webkamera,  USB 3.2 Gen 1,  USB-C, WiFi 6, Hmotnost 2,3 kg,  Linux (AN515-55-73FG) ",27990
MSI GF65 Thin 10UE-098CZ kovový,"Notebook - Intel Core i7 10510U Comet Lake,  14 IPS antireflexní 1920 × 1080,  RAM  16GB DDR4,  AMD Radeon RX 640 2GB,  SSD  512GB,  podsvícená klávesnice,  webkamera,  USB-C,  čtečka otisků prstů, WiFi 6,  45 Wh baterie, Hmotnost 1,77 kg,  Windows 10 Pro 20RA001LMC ",27990
MSI GF65 Thin 10UE-098CZ kovový,"Herní notebook - AMD Ryzen 5 4600H,  15.6 IPS matný 1920 × 1080 144Hz,  RAM  8GB DDR4,  NVIDIA GeForce GTX 1650 Ti 4GB,  SSD  1000GB,  podsvícená klávesnice,  USB 3.2 Gen 1,  USB-C, WiFi 6, Hmotnost 2,4 kg,  Windows 10 Home, HDD upgrade kit (AN515-44-R6TE) ",23990
MSI GF65 Thin 10UE-098CZ kovový,"Herní notebook - Intel Core i5 10300H Comet Lake,  15.6 IPS antireflexní 1920 × 1080 144Hz,  RAM  16GB DDR4,  NVIDIA GeForce GTX 1660 Ti 6GB,  SSD  512GB,  numerická klávesnice,  podsvícená klávesnice,  webkamera,  USB 3.2 Gen 1,  USB-C, WiFi 6,  48 Wh baterie, Hmotnost 2,3 kg,  Windows 10 Home 1 Zone RGB, MIL-STD 810G ",25990
MSI GF65 Thin 10UE-098CZ kovový,"Herní notebook - Intel Core i5 10300H Comet Lake,  17.3 IPS matný 1920 × 1080 144Hz,  RAM  16GB DDR4-SDRAM,  NVIDIA GeForce RTX 2060  6GB,  SSD  1000GB,  numerická klávesnice, podsvícená RGB klávesnice,  USB 3.2 Gen 1,  USB 3.2 Gen 2,  USB-C, WiFi 6,  3560 mAh baterie, Hmotnost 2,2 kg,  Windows 10 Home, HDD upgrade kit (AN517-52-53LP) ",31990
MSI GF65 Thin 10UE-098CZ kovový,"Herní notebook - Intel Core i5 10300H Comet Lake,  15.6 IPS matný 1920 × 1080,  RAM  8GB DDR4,  NVIDIA GeForce GTX 1650 Max-Q 4GB,  SSD  512GB,  podsvícená klávesnice,  webkamera,  USB 3.2 Gen 1,  USB-C, WiFi 6,  4500 mAh baterie, Hmotnost 1,86 kg,  Windows 10 Home ",22990
MSI GF65 Thin 10UE-098CZ kovový,"Herní notebook - Intel Core i7 10750H Comet Lake,  15.6 IPS matný 1920 × 1080 300Hz,  RAM  16GB DDR4,  NVIDIA GeForce RTX 2070 Max-Q 8GB,  SSD  1000GB,  numerická klávesnice,  podsvícená klávesnice,  webkamera,  USB 3.2 Gen 1,  čtečka otisků prstů, WiFi 6,  5965 mAh baterie, Hmotnost 2,65 kg,  Windows 10 Home (NBD) ",37990
MSI GF65 Thin 10UE-098CZ kovový,"Herní notebook - AMD Ryzen 9 4900HS,  15.6 IPS antireflexní 1920 × 1080 240Hz,  RAM  16GB DDR4,  NVIDIA GeForce RTX 2060 Max-Q 6GB,  SSD  1000GB,  podsvícená klávesnice,  USB 3.2 Gen 1,  USB-C, WiFi 6,  76 Wh baterie, Hmotnost 2,1 kg,  Windows 10 Home 3ms odezva ",37990
MSI GF65 Thin 10UE-098CZ kovový,"Herní notebook - AMD Ryzen 9 5900HS,  15.6 IPS matný 1920 × 1080 144Hz,  RAM  16GB DDR4,  NVIDIA GeForce RTX 3060 6GB,  SSD  1000GB,  podsvícená klávesnice,  USB 3.2 Gen 1,  USB-C,  čtečka otisků prstů, WiFi 6,  90 Wh baterie, Hmotnost 1,9 kg,  Windows 10 Home, Freesync ",45990
MSI GF65 Thin 10UE-098CZ kovový,"Herní notebook - Intel Core i7 10750H Comet Lake,  15.6 WVA antireflexní 1920 × 1080,  RAM  8GB DDR4,  NVIDIA GeForce GTX 1650 Ti 4GB,  SSD  512GB,  numerická klávesnice,  podsvícená klávesnice,  webkamera,  USB 3.2 Gen 1,  USB-C,  čtečka otisků prstů, WiFi 5,  51 Wh baterie, Hmotnost 2,56 kg,  Windows 10 Home (NBD) ",27490
MSI GF65 Thin 10UE-098CZ kovový,"Herní notebook - Intel Core i5 10300H Comet Lake,  17 IPS antireflexní 1920 × 1080 144Hz,  RAM  16GB DDR4,  NVIDIA GeForce GTX 1650 Ti 4GB,  SSD  512GB, podsvícená RGB klávesnice,  webkamera,  USB 3.2 Gen 1,  USB-C, WiFi 6,  48 Wh baterie, Hmotnost 2,6 kg,  Windows 10 Home ",26990
MSI GF65 Thin 10UE-098CZ kovový,"Herní notebook - Intel Core i7 10750H Comet Lake,  17.3 IPS matný 1920 × 1080 144Hz,  RAM  16GB DDR4,  NVIDIA GeForce RTX 3060 6GB 95 W,  SSD  1000GB,  numerická klávesnice, podsvícená RGB klávesnice,  webkamera,  USB 3.2 Gen 1,  USB-C, WiFi 6,  57 Wh baterie, Hmotnost 2,7 kg,  Windows 10 Home (AN517-52-76NY) ",42990
MSI GF65 Thin 10UE-098CZ kovový,"Herní notebook - Intel Core i5 10300H Comet Lake,  15.6 IPS matný 1920 × 1080 144Hz,  RAM  16GB DDR4,  NVIDIA GeForce RTX 2060  6GB,  SSD  1000GB, podsvícená RGB klávesnice,  USB 3.2 Gen 1,  USB-C, WiFi 6,  3560 mAh baterie, Hmotnost 2,3 kg,  Windows 10 Home HDD upgrade kit (AN515-55-540U) ",30990
MSI GF65 Thin 10UE-098CZ kovový,"Notebook - Intel Core i7 10875H Comet Lake,  15.6 IPS antireflexní 1920 × 1080 144Hz,  RAM  32GB DDR4,  NVIDIA GeForce RTX 2060  6GB,  SSD  1000GB,  numerická klávesnice, podsvícená RGB klávesnice,  webkamera,  USB 3.2 Gen 1,  USB-C, WiFi 6, Hmotnost 2,25 kg,  Windows 10 Pro (NBD) ",49989
MSI GF65 Thin 10UE-098CZ kovový,"Herní notebook - Intel Core i5 10300H Comet Lake,  15.6 IPS matný 1920 × 1080 144Hz,  RAM  16GB DDR4,  NVIDIA GeForce RTX 2060  6GB,  SSD  1000GB,  numerická klávesnice, podsvícená RGB klávesnice,  webkamera,  USB 3.2 Gen 1,  USB-C, WiFi 6,  3580 mAh baterie, Hmotnost 2,5 kg,  Windows 10 Home (AN715-52-571E)  ",31990
HP Pavilion Gaming 15-dk1007nc Shadow Black White,"Herní notebook - Intel Core i5 10300H Comet Lake,  15.6 IPS matný 1920 × 1080 144Hz,  RAM  16GB DDR4,  NVIDIA GeForce GTX 1660 Ti Max-Q 6GB,  SSD  256GB  +  HDD  1TB,  numerická klávesnice,  podsvícená klávesnice,  webkamera,  USB 3.2 Gen 1,  USB-C, WiFi 6,  5250 mAh baterie, Hmotnost 2,25 kg,  Windows 10 Home (20C60EA) ",27990
HP Pavilion Gaming 15-dk1007nc Shadow Black White,"Herní notebook - AMD Ryzen 7 4800H,  15.6 IPS matný 1920 × 1080 144Hz,  RAM  16GB DDR4,  NVIDIA GeForce GTX 1660 Ti Max-Q 6GB,  SSD  512GB,  numerická klávesnice,  podsvícená klávesnice,  webkamera,  USB 3.2 Gen 1,  USB-C, WiFi 5,  5250 mAh baterie, Hmotnost 2,25 kg,  Windows 10 Home (1X2D4EA) ",28990
HP Pavilion Gaming 15-dk1007nc Shadow Black White,"Herní notebook - Intel Core i5 10300H Comet Lake,  15.6 IPS matný 1920 × 1080 144Hz,  RAM  16GB DDR4,  NVIDIA GeForce GTX 1660 Ti 6GB,  SSD  512GB,  podsvícená klávesnice,  webkamera,  USB 3.2 Gen 1,  USB-C, WiFi 6,  51 Wh baterie, Hmotnost 1,86 kg,  Windows 10 Home ",27990
HP Pavilion Gaming 15-dk1007nc Shadow Black White,"Herní notebook - Intel Core i7 10750H Comet Lake,  15.6 IPS matný 1920 × 1080 144Hz,  RAM  16GB DDR4,  NVIDIA GeForce RTX 2070 Max-Q 8GB,  SSD  1000GB,  numerická klávesnice,  podsvícená klávesnice,  webkamera,  USB 3.2 Gen 1,  čtečka otisků prstů, WiFi 6,  68 Wh baterie, Hmotnost 2,5 kg,  Windows 10 Home (NBD) ",36990
HP Pavilion Gaming 15-dk1007nc Shadow Black White,"Herní notebook - AMD Ryzen 7 5800HS,  14 IPS antireflexní 1920 × 1080 144Hz,  RAM  16GB DDR4,  NVIDIA GeForce RTX 3060 6GB 80 W,  SSD  1000GB,  podsvícená klávesnice,  USB 3.2 Gen 1,  USB-C,  čtečka otisků prstů, WiFi 6,  76 Wh baterie, Hmotnost 1,6 kg,  Windows 10 Home ",45990
HP Pavilion Gaming 15-dk1007nc Shadow Black White,"Notebook - Intel Core i7 10875H Comet Lake,  15.6 IPS antireflexní 1920 × 1080 144Hz,  RAM  32GB DDR4,  NVIDIA GeForce RTX 2070 Super Max-Q 8GB,  SSD  1000GB,  numerická klávesnice, podsvícená RGB klávesnice,  webkamera,  USB 3.2 Gen 1,  USB-C, WiFi 6, Hmotnost 2,25 kg,  Windows 10 Pro (NBD) ",59989
HP Pavilion Gaming 15-dk1007nc Shadow Black White,"Herní notebook - Intel Core i5 10300H Comet Lake,  16.1 IPS antireflexní 1920 × 1080,  RAM  16GB DDR4,  NVIDIA GeForce RTX 2060 Max-Q 6GB,  SSD 1000GB,  numerická klávesnice,  podsvícená klávesnice,  webkamera,  USB 3.2 Gen 1,  USB-C, WiFi 6, Hmotnost 2,44 kg,  Windows 10 Home (3Z3T1EA) ",31990
HP Pavilion Gaming 15-dk1007nc Shadow Black White,"Herní notebook - Intel Core i5 10300H Comet Lake,  15.6 WVA antireflexní 1920 × 1080 120Hz,  RAM  8GB DDR4,  NVIDIA GeForce GTX 1650 Ti 4GB,  SSD  512GB,  numerická klávesnice,  podsvícená klávesnice,  webkamera,  USB 3.2 Gen 1,  USB-C,  čtečka otisků prstů, WiFi 5,  51 Wh baterie, Hmotnost 2,56 kg,  Windows 10 Home (NBD) ",22990
HP Pavilion Gaming 15-dk1007nc Shadow Black White,"Herní notebook - Intel Core i5 10300H Comet Lake,  15.6 WVA antireflexní 1920 × 1080 120Hz,  RAM  8GB DDR4,  NVIDIA GeForce GTX 1650 Ti 4GB,  SSD  512GB,  numerická klávesnice,  podsvícená klávesnice,  webkamera,  USB 3.2 Gen 1,  USB-C,  čtečka otisků prstů, WiFi 5,  51 Wh baterie, Hmotnost 2,55 kg,  Windows 10 Home (NBD) ",22990
HP Pavilion Gaming 15-dk1007nc Shadow Black White,"Herní notebook - Intel Core i7 10750H Comet Lake,  15.6 WVA antireflexní 1920 × 1080 120Hz,  RAM  16GB DDR4,  NVIDIA GeForce GTX 1660 Ti 6GB,  SSD  512GB,  numerická klávesnice,  podsvícená klávesnice,  webkamera,  USB 3.2 Gen 1,  USB-C,  čtečka otisků prstů, WiFi 6,  68 Wh baterie, Hmotnost 2,58 kg,  Windows 10 Home (NBD) ",31990
HP Pavilion Gaming 15-dk1007nc Shadow Black White,"Herní notebook - AMD Ryzen 9 4900HS,  14 IPS antireflexní 1920 × 1080 120Hz,  RAM  16GB DDR4,  NVIDIA GeForce RTX 2060 Max-Q 6GB,  SSD  1000GB,  podsvícená klávesnice,  webkamera,  USB 3.2 Gen 1,  USB-C, WiFi 6,  76 Wh baterie, Hmotnost 1,7 kg,  Windows 10 Home FHD externí kamera ",39990
HP Pavilion Gaming 15-dk1007nc Shadow Black White,"Herní notebook - Intel Core i7 10750H Comet Lake,  15.6 WVA antireflexní 1920 × 1080 120Hz,  RAM  16GB DDR4,  NVIDIA GeForce GTX 1660 Ti 6GB,  SSD  512GB,  numerická klávesnice,  podsvícená klávesnice,  webkamera,  USB 3.2 Gen 1,  USB-C,  čtečka otisků prstů, WiFi 6,  68 Wh baterie, Hmotnost 2,58 kg,  Windows 10 Home (NBD) ",31990
HP Pavilion Gaming 15-dk1007nc Shadow Black White,"Herní notebook - Intel Core i7 11370H Tiger Lake,  15.6 IPS antireflexní 1920 × 1080 144Hz,  RAM  16GB DDR4,  NVIDIA GeForce RTX 3060 6GB 85 W,  SSD  512GB,  podsvícená klávesnice,  USB 3.2 Gen 1,  USB-C, WiFi 6,  76 Wh baterie, Hmotnost 2 kg,  Windows 10 Home ",36990
HP Pavilion Gaming 15-dk1007nc Shadow Black White,"Herní notebook - AMD Ryzen 9 4900HS,  16 IPS antireflexní 1920 × 1080 144Hz,  RAM  16GB DDR4,  NVIDIA GeForce GTX 1660 Ti 6GB,  SSD  1000GB,  podsvícená klávesnice,  USB-C, WiFi 6,  76 Wh baterie, Hmotnost 2,1 kg,  Windows 10 Home ",36990
HP Pavilion Gaming 15-dk1007nc Shadow Black White,"Herní notebook - AMD Ryzen 9 5900HS,  14 IPS antireflexní 2560 × 1440 120Hz,  RAM  32GB DDR4,  NVIDIA GeForce RTX 3060 6GB,  SSD  1000GB,  podsvícená klávesnice,  USB 3.2 Gen 1,  USB-C,  čtečka otisků prstů, WiFi 6,  76 mAh baterie, Hmotnost 1,7 kg,  Windows 10 Home ",58990
HP Pavilion Gaming 15-dk1007nc Shadow Black White,"Herní notebook - Intel Core i7 10870H Comet Lake,  15.6 OLED matný 3840 × 2160,  RAM  16GB DDR4,  NVIDIA GeForce RTX 3060 6GB 105 W,  SSD  512GB,  numerická klávesnice, podsvícená RGB klávesnice,  webkamera,  USB 3.2 Gen 1,  čtečka otisků prstů, WiFi 6,  94 Wh baterie, Hmotnost 2 kg,  Windows 10 Pro ",49590
HP Pavilion Gaming 15-dk1007nc Shadow Black White,"Herní notebook - Intel Core i7 11370H Tiger Lake,  15.6 IPS antireflexní 1920 × 1080 144Hz,  RAM  16GB DDR4,  NVIDIA GeForce RTX 3060 6GB 85 W,  SSD  512GB,  podsvícená klávesnice,  USB 3.2 Gen 1,  USB-C, WiFi 6, Hmotnost 2 kg,  Windows 10 Home ",36990
HP Pavilion Gaming 15-dk1007nc Shadow Black White,"Herní notebook - AMD Ryzen 7 4800H,  14 IPS antireflexní 1920 × 1080 120Hz,  RAM  16GB DDR4,  NVIDIA GeForce GTX 1650 Ti 4GB,  SSD  512GB,  podsvícená klávesnice,  USB 3.2 Gen 1,  USB-C, WiFi 5,  76 Wh baterie, Hmotnost 1,6 kg,  Windows 10 Home (Illuminated Chiclet Keyboard) ",37990
HP Pavilion Gaming 15-dk1007nc Shadow Black White,"Herní notebook - Intel Core i5 10300H Comet Lake,  15.6 IPS matný 1920 × 1080 144Hz,  RAM  16GB DDR4,  NVIDIA GeForce RTX 2060 Max-Q 6GB,  SSD  512GB,  numerická klávesnice,  podsvícená klávesnice,  webkamera,  USB 3.2 Gen 1,  USB-C, WiFi 6, Hmotnost 2,25 kg,  Windows 10 Home (3Z3U3EA) ",29990
HP Pavilion Gaming 15-dk1007nc Shadow Black White,"Herní notebook - AMD Ryzen 7 5800HS,  14 IPS antireflexní 1920 × 1080 144Hz,  RAM  16GB DDR4,  NVIDIA GeForce RTX 3060 6GB 80 W,  SSD  1000GB,  podsvícená klávesnice,  USB 3.2 Gen 1,  USB-C,  čtečka otisků prstů, WiFi 6,  76 mAh baterie, Hmotnost 1,7 kg,  Windows 10 Home ",49990
HP Pavilion Gaming 15-dk1007nc Shadow Black White,"Notebook - Intel Core i7 10710U Comet Lake,  15.6 IPS matný 1920 × 1080,  RAM  16GB DDR4,  NVIDIA GeForce GTX 1650 Max-Q 4GB,  SSD  512GB,  podsvícená klávesnice,  webkamera,  USB 3.2 Gen 1,  USB-C,  Thunderbolt 3, čtečka otisků prstů,  4článková baterie 5280 mAh,  Windows 10 Pro",37990
HP Pavilion Gaming 15-dk1007nc Shadow Black White,"Herní notebook - AMD Ryzen 7 5800HS,  15.6 IPS matný 1920 × 1080 144Hz,  RAM  16GB DDR4,  NVIDIA GeForce RTX 3080 8GB,  SSD  1000GB,  podsvícená klávesnice,  USB 3.2 Gen 1,  USB-C,  čtečka otisků prstů, WiFi 6,  90 Wh baterie, Hmotnost 1,9 kg,  Windows 10 Home, Freesync ",61990
HP Pavilion Gaming 15-dk1007nc Shadow Black White,"Notebook - Intel Core i7 10750H Comet Lake,  15.6 IPS antireflexní 3840 × 2160,  RAM  32GB DDR4,  NVIDIA GeForce RTX 2080 Super Max-Q 8GB,  SSD  1000GB,  numerická klávesnice,  podsvícená klávesnice,  webkamera,  USB 3.2 Gen 1,  USB-C,  čtečka otisků prstů, WiFi 6, Hmotnost 2,74 kg,  Windows 10 Pro (NBD) ",87590
HP Pavilion Gaming 15-dk1007nc Shadow Black White,"Notebook - Intel Core i7 10510U Comet Lake,  15.6 IPS antireflexní 1920 × 1080,  RAM  16GB DDR4,  AMD Radeon RX 640 2GB,  SSD  512GB,  numerická klávesnice,  podsvícená klávesnice,  webkamera,  USB-C,  čtečka otisků prstů, WiFi 5,  45 Wh baterie, Hmotnost 1,9 kg,  Windows 10 Pro ",26390
Acer Nitro 5 Obsidian Black,"Herní notebook - Intel Core i7 10750H Comet Lake,  15.6 IPS matný 1920 × 1080 144Hz,  RAM  16GB DDR4,  NVIDIA GeForce RTX 2060  6GB,  SSD  1000GB, podsvícená RGB klávesnice,  USB 3.2 Gen 1,  USB-C, WiFi 6,  3560 mAh baterie, Hmotnost 2,3 kg,  Windows 10 Home, HDD upgrade kit (AN515-55-774Z) ",34990
Acer Nitro 5 Obsidian Black,"Herní notebook - AMD Ryzen 7 4800H,  15.6 IPS matný 1920 × 1080 144Hz,  RAM  16GB DDR4,  NVIDIA GeForce GTX 1650 4GB,  SSD  512GB,  numerická klávesnice,  podsvícená klávesnice,  webkamera,  USB 3.2 Gen 1,  USB-C, WiFi 5,  5250 mAh baterie, Hmotnost 2,25 kg,  Windows 10 Home (25N64EA) ",25990
Acer Nitro 5 Obsidian Black,"Herní notebook - Intel Core i7 10750H Comet Lake,  17.3 IPS matný 1920 × 1080 144Hz,  RAM  16GB DDR4,  NVIDIA GeForce RTX 3060 6GB,  SSD  1000GB,  numerická klávesnice,  podsvícená klávesnice,  webkamera,  USB-C, WiFi 6,  51 Wh baterie, Hmotnost 2,3 kg,  Windows 10 Home ",41990
Acer Nitro 5 Obsidian Black,"Notebook - Intel Core i5 10210U Comet Lake,  15.6 IPS antireflexní 1920 × 1080,  RAM  8GB DDR4,  AMD Radeon RX 640 2GB,  SSD  256GB  +  HDD  1TB 5400 ot/min,  numerická klávesnice,  podsvícená klávesnice,  webkamera,  USB-C,  čtečka otisků prstů, WiFi 6,  45 Wh baterie, Hmotnost 1,9 kg,  Windows 10 Pro 20RD0020MC ",21490
Acer Nitro 5 Obsidian Black,"Herní notebook - AMD Ryzen 5 4600H,  15.6 IPS antireflexní 1920 × 1080 144Hz,  RAM  16GB DDR4,  NVIDIA GeForce RTX 2060  6GB,  SSD  1000GB,  numerická klávesnice, podsvícená RGB klávesnice,  webkamera,  USB 3.2 Gen 1,  USB-C, WiFi 6,  80 Wh baterie, Hmotnost 2,46 kg,  Bez operačního systému ",24989
Acer Nitro 5 Obsidian Black,"Herní notebook - AMD Ryzen 7 4800H,  15.6 IPS matný 1920 × 1080 144Hz,  RAM  16GB DDR4,  NVIDIA GeForce GTX 1650 Ti 4GB,  SSD  1000GB,  podsvícená klávesnice,  USB 3.2 Gen 1,  USB-C, WiFi 6, Hmotnost 2,4 kg,  Windows 10 Home, HDD upgrade kit (AN515-44-R69C) ",29990
Acer Nitro 5 Obsidian Black,"Herní notebook - Intel Core i7 10875H Comet Lake,  15.6 IPS antireflexní 1920 × 1080 144Hz,  RAM  16GB DDR4,  NVIDIA GeForce RTX 2070 Max-Q 8GB,  SSD  1000GB,  numerická klávesnice,  podsvícená klávesnice,  webkamera,  USB 3.2 Gen 1,  USB 3.2 Gen 2,  USB-C, WiFi 6,  80 Wh baterie, Hmotnost 2,25 kg,  Windows 10 Home (NBD) ",46990
Acer Nitro 5 Obsidian Black,"Herní notebook - AMD Ryzen 7 5800HS,  14 IPS antireflexní 1920 × 1080 144Hz,  RAM  16GB DDR4,  NVIDIA GeForce RTX 3060 6GB 80 W,  SSD  512GB,  podsvícená klávesnice,  USB 3.2 Gen 1,  USB-C,  čtečka otisků prstů, WiFi 6,  76 Wh baterie, Hmotnost 1,6 kg,  Windows 10 Home ",43990
Acer Nitro 5 Obsidian Black,"Herní notebook - Intel Core i7 10750H Comet Lake,  15.6 IPS matný 1920 × 1080 144Hz,  RAM  16GB DDR4,  NVIDIA GeForce RTX 3060 6GB 95 W,  SSD  1000GB,  numerická klávesnice, podsvícená RGB klávesnice,  webkamera,  USB 3.2 Gen 1,  USB-C, WiFi 6, Hmotnost 2,3 kg,  Windows 10 Home (AN515-55-71XK)  ",39990
Acer Nitro 5 Obsidian Black,"Herní notebook - Intel Core i7 10750H Comet Lake,  15.6 IPS matný 1920 × 1080 144Hz,  RAM  32GB DDR4,  NVIDIA GeForce RTX 2060  6GB,  SSD  1000GB, podsvícená RGB klávesnice,  webkamera,  USB 3.2 Gen 1,  USB-C, WiFi 6,  57 Wh baterie, Hmotnost 2,5 kg,  Windows 10 Home (AN715-52-75YR) ",37990
Acer Nitro 5 Obsidian Black,"Herní notebook - Intel Core i5 10300H Comet Lake,  15.6 IPS matný 1920 × 1080 240Hz,  RAM  16GB DDR4,  NVIDIA GeForce RTX 2060  6GB,  SSD  1000GB, podsvícená RGB klávesnice,  USB 3.2 Gen 1,  USB 3.2 Gen 2,  USB-C, WiFi 6, Hmotnost 2,5 kg,  Windows 10 Home, HDD upgrade kit (PH315-53-57GB) ",33990
Acer Nitro 5 Obsidian Black,"Herní notebook - Intel Core i5 10300H Comet Lake,  17.3 IPS matný 1920 × 1080 120Hz,  RAM  8GB DDR4,  NVIDIA GeForce RTX 3060 6GB 95 W,  SSD  512GB,  numerická klávesnice, podsvícená RGB klávesnice,  webkamera,  USB 3.2 Gen 1,  USB-C, WiFi 6,  57 Wh baterie, Hmotnost 2,7 kg,  Windows 10 Home (AN517-52-545V) ",29990
Acer Nitro 5 Obsidian Black,"Herní notebook - Intel Core i7 10750H Comet Lake,  15.6 IPS matný 1920 × 1080 240Hz,  RAM  16GB DDR4,  NVIDIA GeForce RTX 2070 8GB,  SSD  1000GB,  numerická klávesnice, podsvícená RGB klávesnice,  USB 3.2 Gen 1,  USB 3.2 Gen 2,  USB-C, WiFi 6, Hmotnost 2,5 kg,  Windows 10 Home, HDD upgrade kit  (PH315-53-77FY)   ",39990
Acer Nitro 5 Obsidian Black,"Herní notebook - Intel Core i5 10300H Comet Lake,  15.6 IPS matný 1920 × 1080 144Hz,  RAM  8GB DDR4,  NVIDIA GeForce GTX 1650 Ti 4GB,  SSD  512GB,  numerická klávesnice,  podsvícená klávesnice,  webkamera,  USB 3.2 Gen 1,  USB-C, WiFi 6,  52,5 Wh baterie, Hmotnost 2,25 kg,  Windows 10 Home (20D41EA) ",21990
Acer Nitro 5 Obsidian Black,"Herní notebook - AMD Ryzen 7 5800H,  17.3 IPS antireflexní 1920 × 1080 300Hz,  RAM  16GB DDR4,  NVIDIA GeForce RTX 3070 8GB,  SSD  1000GB,  numerická klávesnice, podsvícená RGB klávesnice,  USB 3.2 Gen 1,  USB-C, WiFi 6,  90 Wh baterie, Hmotnost 3 kg,  Windows 10 Home ",54990
Acer Nitro 5 Obsidian Black,"Herní notebook - Intel Core i5 9300H Coffee Lake,  17.3 IPS matný 1920 × 1080 120Hz,  RAM  8GB DDR4,  NVIDIA GeForce GTX 1650 4GB,  SSD  512GB,  numerická klávesnice,  podsvícená klávesnice,  webkamera,  USB 3.2 Gen 1,  USB-C, WiFi 6,  3580 mAh baterie, Hmotnost 3 kg,  Windows 10 Home, HDD upgrade kit (AN517-51-576N) ",24990
Acer Nitro 5 Obsidian Black,"Herní notebook - Intel Core i5 10300H Comet Lake,  15.6 IPS matný 1920 × 1080 144Hz,  RAM  16GB DDR4,  NVIDIA GeForce RTX 3060 6GB 95 W,  SSD  1000GB,  numerická klávesnice, podsvícená RGB klávesnice,  webkamera,  USB 3.2 Gen 1,  USB-C, WiFi 6, Hmotnost 2,3 kg,  Windows 10 Home (AN515-55-56CM) ",33990
Acer Nitro 5 Obsidian Black,"Herní notebook - Intel Core i5 10300H Comet Lake,  17.3 IPS matný 1920 × 1080 144Hz,  RAM  16GB DDR4,  NVIDIA GeForce GTX 1650 Ti 4GB,  SSD  1000GB,  podsvícená klávesnice,  USB 3.2 Gen 1,  USB-C, WiFi 6,  57 Wh baterie, Hmotnost 2,2 kg,  Windows 10 Home, HDD upgrade kit (AN517-52-50ZU) ",28990
Acer Nitro 5 Obsidian Black,"Herní notebook - Intel Core i5 10300H Comet Lake,  16.1 IPS matný 1920 × 1080,  RAM  8GB DDR4,  NVIDIA GeForce GTX 1650 Ti 4GB,  SSD  256GB  +  HDD  1TB,  numerická klávesnice,  podsvícená klávesnice,  webkamera,  USB 3.2 Gen 1,  USB-C, WiFi 6,  52,5 Wh baterie, Hmotnost 2,44 kg,  Windows 10 Home (1X2J0EA) ",24990
Acer Nitro 5 Obsidian Black,"Herní notebook - Intel Core i5 9300H Coffee Lake,  17.3 IPS matný 1920 × 1080 120Hz,  RAM  16GB DDR4,  NVIDIA GeForce GTX 1650 4GB,  SSD  1000GB,  numerická klávesnice,  podsvícená klávesnice,  webkamera,  USB 3.2 Gen 1,  USB-C,  Wifi 6 802.11ax,  Bluetooth,  4článková baterie 3580 mAh,  HDD upgrade kit,  Windows 10 Home (AN517-51-55V)",27990
Acer Nitro 5 Obsidian Black,"Herní notebook - Intel Core i5 10300H Comet Lake,  15.6 IPS matný 1920 × 1080 144Hz,  RAM  8GB DDR4,  NVIDIA GeForce RTX 3060 6GB 95 W,  SSD  512GB, podsvícená RGB klávesnice,  webkamera,  USB 3.2 Gen 1,  USB-C, WiFi 6,  57 Wh baterie, Hmotnost 2,3 kg,  Windows 10 Home, HDD upgrade kit (AN515-55-51GW)  ",29990
Acer Nitro 5 Obsidian Black,"Herní notebook - AMD Ryzen 7 4800H,  15.6 IPS antireflexní 1920 × 1080 144Hz,  RAM  16GB DDR4,  NVIDIA GeForce N18P-G61-A 4GB,  SSD  512GB, podsvícená RGB klávesnice,  USB 3.2 Gen 1,  USB-C, WiFi 6, Hmotnost 2,5 kg,  Windows 10 Home ",24990
Acer Nitro 5 Obsidian Black,"Herní notebook - AMD Ryzen 7 4800H,  15.6 IPS antireflexní 1920 × 1080 144Hz,  RAM  8GB DDR4,  NVIDIA GeForce GTX 1650 SUPER 4GB,  SSD  512GB, podsvícená RGB klávesnice,  USB 3.2 Gen 1,  USB-C, WiFi 6,  56 Wh baterie, Hmotnost 2,5 kg,  Windows 10 Home ",23490
Acer Nitro 5 Obsidian Black,"Herní notebook - Intel Core i7 10870H Comet Lake,  15.6 IPS antireflexní 1920 × 1080 240Hz,  RAM  32GB DDR4,  NVIDIA GeForce RTX 3070 8GB 105 W,  SSD  512GB,  numerická klávesnice, podsvícená RGB klávesnice,  webkamera,  USB 3.2 Gen 1,  USB-C, WiFi 6, Hmotnost 2 kg,  Windows 10 Home ",52790
Lenovo ThinkPad E14-IML,"Notebook - Intel Core i7 10510U Comet Lake,  14 IPS antireflexní 1920 × 1080,  RAM  16GB DDR4,  AMD Radeon RX 640 2GB,  SSD  256GB  +  HDD  1TB 5400 ot/min,  podsvícená klávesnice,  webkamera,  USB-C,  čtečka otisků prstů, WiFi 6,  45 Wh baterie, Hmotnost 1,77 kg,  Windows 10 Pro 20RA001EMC ",25990
Lenovo ThinkPad E14-IML,"Herní notebook - Intel Core i7 10750H Comet Lake,  17.3 IPS matný 1920 × 1080 300Hz,  RAM  16GB DDR4,  NVIDIA GeForce RTX 2070 Super 8GB,  SSD  1000GB,  numerická klávesnice,  podsvícená klávesnice,  webkamera,  USB 3.2 Gen 1,  USB-C,  čtečka otisků prstů, WiFi 6,  97 Wh baterie, Hmotnost 3,29 kg,  Windows 10 Pro (NBD) D-N-7700-N3-712K ",53990
Lenovo ThinkPad E14-IML,"Herní notebook - AMD Ryzen 5 4600HS,  14 IPS matný 1920 × 1080 120Hz,  RAM  16GB DDR4,  NVIDIA GeForce GTX 1650 Ti 4GB,  SSD  512GB,  podsvícená klávesnice,  USB 3.2 Gen 1,  USB-C, WiFi 5,  Bluetooth, Hmotnost 1,6 kg,  Windows 10 Home ",33990
Lenovo ThinkPad E14-IML,"Herní notebook - Intel Core i7 10750H Comet Lake,  15.6 IPS matný 1920 × 1080 240Hz,  RAM  16GB DDR4-SDRAM,  NVIDIA GeForce RTX 2060  6GB,  SSD  1000GB,  numerická klávesnice,  podsvícená klávesnice,  webkamera,  USB 3.2 Gen 1,  USB-C, WiFi 6,  WiFi,  Bluetooth, Hmotnost 2 kg,  Windows 10 Home (PT315-52-791P) ",41990
Lenovo ThinkPad E14-IML,"Herní notebook - Intel Core i5 10300H Comet Lake,  17.3 IPS matný 1920 × 1080 144Hz,  RAM  16GB DDR4,  NVIDIA GeForce RTX 3060 6GB 95 W,  SSD  1000GB, podsvícená RGB klávesnice,  webkamera,  USB 3.2 Gen 1,  USB-C, WiFi 6,  57 Wh baterie, Hmotnost 2,7 kg,  Windows 10 Home, HDD upgrade kit (AN517-52-51L2) ",37990
Lenovo ThinkPad E14-IML,"Herní notebook - Intel Core i5 10500H Comet Lake,  15.6 IPS antireflexní 1920 × 1080 144Hz,  RAM  16GB DDR4,  NVIDIA GeForce RTX 3060 6GB,  SSD  512GB,  numerická klávesnice, podsvícená RGB klávesnice,  webkamera,  USB 3.2 Gen 1,  USB 3.2 Gen 2, WiFi 6,  48,96 Wh baterie, Hmotnost 2,2 kg,  Bez operačního systému ",33990
Lenovo ThinkPad E14-IML,"Herní notebook - Intel Core i7 10870H Comet Lake,  15.6 IPS antireflexní 1920 × 1080 144Hz,  RAM  16GB DDR4,  NVIDIA GeForce GTX 1660 Ti 6GB,  SSD  512GB,  numerická klávesnice,  podsvícená klávesnice,  webkamera,  USB 3.2 Gen 1,  USB-C, WiFi 6,  48 Wh baterie, Hmotnost 2,3 kg,  Windows 10 Home 1 Zone RGB, MIL-STD 810G ",29990
Lenovo ThinkPad E14-IML,"Herní notebook - Intel Core i7 10870H Comet Lake,  15.6 IPS antireflexní 1920 × 1080 144Hz,  RAM  16GB DDR4,  NVIDIA GeForce RTX 2060 Max-Q 6GB,  SSD  1000GB,  podsvícená klávesnice,  webkamera,  USB 3.2 Gen 1,  USB-C,  čtečka otisků prstů, WiFi 6,  71 Wh baterie, Hmotnost 1,8 kg,  Windows 10 Home (NBD) ",39989
Lenovo ThinkPad E14-IML,"Herní notebook - AMD Ryzen 9 5900HX,  15.6 IPS antireflexní 2560 × 1440 165Hz,  RAM  16GB DDR4,  NVIDIA GeForce RTX 3070 8GB 130 W,  SSD  1000GB, podsvícená RGB klávesnice,  USB 3.2 Gen 1,  USB-C, WiFi 6, Hmotnost 2,5 kg,  Windows 10 Home ",57990
Lenovo ThinkPad E14-IML,"Herní notebook - Intel Core i7 10750H Comet Lake,  17.3 IPS matný 1920 × 1080 144Hz,  RAM  16GB DDR4,  NVIDIA GeForce GTX 1650 4GB,  SSD  512GB,  numerická klávesnice,  podsvícená klávesnice,  webkamera,  USB 3.2 Gen 1,  USB-C, WiFi 6, Hmotnost 2,2 kg,  Windows 10 Home ",28990
Lenovo ThinkPad E14-IML,"Herní notebook - Intel Core i7 10875H Comet Lake,  15.6 IPS antireflexní 3840 × 2160 144Hz,  RAM  32GB DDR4,  NVIDIA GeForce RTX 2060 Max-Q 6GB,  SSD  1000GB,  numerická klávesnice, podsvícená RGB klávesnice,  webkamera,  USB 3.2 Gen 1,  USB-C,  čtečka otisků prstů, WiFi 6,  71 Wh baterie, Hmotnost 1,86 kg,  Windows 10 Pro (NBD) ",49989
Lenovo ThinkPad E14-IML,"Herní notebook - AMD Ryzen 7 5800H,  15.6 IPS antireflexní 1920 × 1080 144Hz,  RAM  16GB DDR4,  NVIDIA GeForce RTX 3060 6GB 95 W,  SSD  512GB, podsvícená RGB klávesnice,  webkamera,  USB 3.2 Gen 1,  USB-C, WiFi 6, Hmotnost 2,3 kg,  Windows 10 Home ",36990
Lenovo ThinkPad E14-IML,"Herní notebook - Intel Core i5 10300H Comet Lake,  17.3 IPS matný 1920 × 1080 144Hz,  RAM  16GB DDR4,  NVIDIA GeForce GTX 1650 Ti 4GB,  SSD  512GB,  numerická klávesnice,  podsvícená klávesnice,  webkamera,  USB 3.2 Gen 1,  USB-C, WiFi 6,  52,5 Wh baterie, Hmotnost 2,74 kg,  Windows 10 Home (3Z429EA) ",27990
Lenovo ThinkPad E14-IML,"Herní notebook - Intel Core i7 10750H Comet Lake,  17.3 VA matný 1920 × 1080 144Hz,  RAM  32GB DDR4,  NVIDIA GeForce RTX 2070 Super 8GB,  SSD  1000GB,  numerická klávesnice,  podsvícená klávesnice,  webkamera,  USB 3.2 Gen 1,  USB-C,  čtečka otisků prstů, WiFi 6,  97 Wh baterie, Hmotnost 3,29 kg,  Windows 10 Pro (NBD) ",54990
Lenovo ThinkPad E14-IML,"Herní notebook - Intel Core i5 10300H Comet Lake,  15.6 IPS matný 1920 × 1080 144Hz,  RAM  16GB DDR4,  NVIDIA GeForce RTX 2060  6GB,  SSD  512GB,  podsvícená klávesnice,  webkamera,  USB 3.2 Gen 1,  USB-C, WiFi 6,  51 Wh baterie, Hmotnost 1,86 kg,  Windows 10 Home ",28990
Lenovo ThinkPad E14-IML,"Herní notebook - Intel Core i7 10870H Comet Lake,  17.3 IPS antireflexní 1920 × 1080 300Hz,  RAM  32GB DDR4,  NVIDIA GeForce RTX 3080 8GB 105 W,  SSD  1000GB,  numerická klávesnice, podsvícená RGB klávesnice,  webkamera,  USB 3.2 Gen 1,  USB-C,  čtečka otisků prstů, WiFi 6,  94 Wh baterie, Hmotnost 2,7 kg,  Windows 10 Home ",70690
Lenovo ThinkPad E14-IML,"Herní notebook - AMD Ryzen 5 5600H,  17.3 IPS matný 1920 × 1080 144Hz,  RAM  16GB DDR4,  NVIDIA GeForce RTX 3060 6GB 85 W,  SSD  1000GB,  numerická klávesnice, podsvícená RGB klávesnice,  webkamera,  USB 3.2 Gen 1,  USB 3.2 Gen 2,  USB-C, WiFi 6, Hmotnost 2,7 kg,  Windows 10 Home, HDD upgrade kit (AN517-41-R947) ",36690
Lenovo ThinkPad E14-IML,"Herní notebook - Intel Core i5 10300H Comet Lake,  15.6 IPS antireflexní 1920 × 1080 144Hz,  RAM  8GB DDR4,  NVIDIA GeForce GTX 1650 4GB,  SSD  512GB,  numerická klávesnice, podsvícená RGB klávesnice,  webkamera,  USB 3.2 Gen 1,  USB-C, WiFi 6, Hmotnost 2,3 kg,  Windows 10 Home ",20990
Lenovo ThinkPad E14-IML,"Herní notebook - AMD Ryzen 7 5800H,  15.6 IPS antireflexní 1920 × 1080 144Hz,  RAM  16GB DDR4,  NVIDIA GeForce RTX 3060 6GB,  SSD  1000GB, podsvícená RGB klávesnice,  webkamera,  USB 3.2 Gen 1,  USB-C, WiFi 6, Hmotnost 2,3 kg,  Windows 10 Home ",38990
Lenovo ThinkPad E14-IML,"Herní notebook - Intel Core i7 10870H Comet Lake,  15.6 IPS antireflexní 1920 × 1080 240Hz,  RAM  32GB DDR4,  NVIDIA GeForce RTX 3080 8GB 105 W,  SSD  1000GB,  numerická klávesnice, podsvícená RGB klávesnice,  webkamera,  USB 3.2 Gen 1,  USB-C, WiFi 6,  99 Wh baterie, Hmotnost 2 kg,  Windows 10 Home ",67690
Lenovo ThinkPad E14-IML,"Herní notebook - Intel Core i5 10300H Comet Lake,  17.3 IPS antireflexní 1920 × 1080 144Hz,  RAM  16GB DDR4,  NVIDIA GeForce GTX 1650 Ti 4GB,  SSD  1000GB,  numerická klávesnice,  podsvícená klávesnice,  webkamera,  USB 3.2 Gen 1,  USB-C, WiFi 6, Hmotnost 2,98 kg,  Bez operačního systému ",24989
Lenovo ThinkPad E14-IML,"Herní notebook - Intel Core i7 10750H Comet Lake,  15.6 IPS matný 1920 × 1080 144Hz,  RAM  16GB DDR4,  NVIDIA GeForce RTX 2060  6GB,  SSD  1000GB,  numerická klávesnice, podsvícená RGB klávesnice,  webkamera,  USB 3.2 Gen 1,  USB-C, WiFi 6,  51 Wh baterie, Hmotnost 2,3 kg,  Windows 10 Home ",36990
Lenovo ThinkPad E14-IML,"Notebook - Intel Core i9 10885H Comet Lake,  dotykový 15.6 IPS antireflexní 3840 × 2400,  RAM  64GB DDR4,  NVIDIA GeForce GTX 1650 Ti Max-Q 4GB,  SSD  2000GB,  podsvícená klávesnice,  webkamera,  USB-C,  čtečka otisků prstů, WiFi 6,  86 Wh baterie, Hmotnost 2,05 kg,  Windows 10 Pro (NBD) ",104990
Lenovo ThinkPad E14-IML,"Herní notebook - AMD Ryzen 7 4800H,  15.6 IPS matný 1920 × 1080 144Hz,  RAM  16GB DDR4,  NVIDIA GeForce GTX 1660 Ti 6GB,  SSD  512GB,  podsvícená klávesnice,  webkamera,  USB 3.2 Gen 1, WiFi 5, Hmotnost 2,3 kg,  Windows 10 Home 1 Zone RGB, MIL-STD 810G, 90WHrs battery ",30990
Asus TUF Gaming Dash F15 FX516PE-HN004T Eclipse Gray kovový,"Herní notebook - Intel Core i5 11300H Tiger Lake,  15.6 IPS antireflexní 1920 × 1080 144Hz,  RAM  8GB DDR4,  NVIDIA GeForce RTX 3050 Ti 4GB 80 W,  SSD  512GB,  podsvícená klávesnice,  USB 3.2 Gen 1,  USB-C, WiFi 6, Hmotnost 2 kg,  Windows 10 Home ",28990
Asus TUF Gaming Dash F15 FX516PE-HN004T Eclipse Gray kovový,"Herní notebook - AMD Ryzen 7 5800H,  15.6 IPS antireflexní 1920 × 1080 144Hz,  RAM  16GB DDR4,  NVIDIA GeForce RTX 3060 6GB 130 W,  SSD  512GB, podsvícená RGB klávesnice,  USB 3.2 Gen 1,  USB-C, WiFi 6, Hmotnost 2,5 kg,  Windows 10 Home ",39990
Asus TUF Gaming Dash F15 FX516PE-HN004T Eclipse Gray kovový,"Herní notebook - Intel Core i5 10300H Comet Lake,  17.3 IPS antireflexní 1920 × 1080 144Hz,  RAM  16GB DDR4,  NVIDIA GeForce GTX 1660 Ti Max-Q 6GB 120 W,  SSD  512GB,  numerická klávesnice,  podsvícená klávesnice,  webkamera,  USB 3.2 Gen 1,  USB-C, WiFi 6,  52,5 Wh baterie, Hmotnost 2,74 kg,  Windows 10 Home (3Z430EA) ",29973
Asus TUF Gaming Dash F15 FX516PE-HN004T Eclipse Gray kovový,"Herní notebook - Intel Core i7 10870H Comet Lake,  17 IPS antireflexní 1920 × 1080 144Hz,  RAM  16GB DDR4,  NVIDIA GeForce GTX 1650 Ti 4GB,  SSD  512GB, podsvícená RGB klávesnice,  webkamera,  USB 3.2 Gen 1,  USB-C, WiFi 6,  48 Wh baterie, Hmotnost 2,6 kg,  Windows 10 Home ",30990
Asus TUF Gaming Dash F15 FX516PE-HN004T Eclipse Gray kovový,"Herní notebook - AMD Ryzen 7 5800H,  15.6 IPS antireflexní 1920 × 1080 144Hz,  RAM  16GB DDR4,  NVIDIA GeForce RTX 3060 6GB 130 W,  SSD  1000GB, podsvícená RGB klávesnice,  USB 3.2 Gen 1,  USB-C, WiFi 6,  90 Wh baterie, Hmotnost 2,5 kg,  Windows 10 Home ",41990
Asus TUF Gaming Dash F15 FX516PE-HN004T Eclipse Gray kovový,"Ultrabook - Intel Core i7 10750H Comet Lake,  15.6 IPS antireflexní 1920 × 1080,  RAM  16GB DDR4,  NVIDIA GeForce GTX 1660 Ti Max-Q 6GB,  SSD  1000GB,  podsvícená klávesnice,  webkamera,  USB 3.2 Gen 1,  USB-C,  čtečka otisků prstů, WiFi 6,  83 Wh baterie, Hmotnost 2,14 kg,  Windows 10 Pro (1N7U9EA) ",39990
Asus TUF Gaming Dash F15 FX516PE-HN004T Eclipse Gray kovový,"Herní notebook - AMD Ryzen 7 4800H,  17.3 IPS matný 1920 × 1080 144Hz,  RAM  16GB DDR4,  AMD Radeon RX 5600M 6GB,  SSD  1000GB, podsvícená RGB klávesnice,  webkamera,  USB 3.2 Gen 1,  USB-C, WiFi 6,  65 Wh baterie, Hmotnost 2,6 kg,  Windows 10 Home ",37990
Asus TUF Gaming Dash F15 FX516PE-HN004T Eclipse Gray kovový,"Notebook - Intel Core i7 10750H Comet Lake,  15.6 IPS antireflexní 1920 × 1080 144Hz,  RAM  16GB DDR4,  NVIDIA GeForce GTX 1650 Ti 4GB,  SSD  512GB,  numerická klávesnice,  podsvícená klávesnice,  webkamera,  USB 3.2 Gen 1,  USB-C, WiFi 6,  45 Wh baterie, Hmotnost 2,2 kg,  Windows 10 Pro (NBD) ",33989
Asus TUF Gaming Dash F15 FX516PE-HN004T Eclipse Gray kovový,"Herní notebook - AMD Ryzen 9 5900HS,  15.6 IPS antireflexní 1920 × 1080 144Hz,  RAM  16GB DDR4,  NVIDIA GeForce RTX 3080 8GB 100 W,  SSD  1000GB,  podsvícená klávesnice,  USB 3.2 Gen 1,  USB-C,  čtečka otisků prstů, WiFi 6, Hmotnost 1,9 kg,  Windows 10 Home ",61990
Asus TUF Gaming Dash F15 FX516PE-HN004T Eclipse Gray kovový,"Herní notebook - Intel Core i7 10750H Comet Lake,  15.6 IPS matný 1920 × 1080,  RAM  16GB DDR4,  NVIDIA GeForce GTX 1650 Max-Q 4GB,  SSD  512GB,  numerická klávesnice,  podsvícená klávesnice,  webkamera,  USB 3.2 Gen 1,  USB-C, WiFi 6, Hmotnost 1,86 kg,  Windows 10 Home ",27990
Asus TUF Gaming Dash F15 FX516PE-HN004T Eclipse Gray kovový,"Herní notebook - Intel Core i7 10750H Comet Lake,  15.6 IPS matný 1920 × 1080 300Hz,  RAM  32GB DDR4-SDRAM,  NVIDIA GeForce RTX 2080 Super 8GB,  SSD  2000GB,  podsvícená klávesnice,  webkamera,  USB 3.2 Gen 1,  USB-C, WiFi 6, Hmotnost 2,1 kg,  Windows 10 Home (PT515-52-70HB) ",64990
Asus TUF Gaming Dash F15 FX516PE-HN004T Eclipse Gray kovový,"Notebook - Intel Core i5 10300H Comet Lake,  15.6 IPS antireflexní 1920 × 1080 144Hz,  RAM  16GB DDR4,  NVIDIA GeForce GTX 1650 Ti 4GB,  SSD  512GB,  numerická klávesnice,  podsvícená klávesnice,  webkamera,  USB 3.2 Gen 1,  USB-C, WiFi 6,  45 Wh baterie, Hmotnost 2,2 kg,  Windows 10 Home (NBD) ",27989
Asus TUF Gaming Dash F15 FX516PE-HN004T Eclipse Gray kovový,"Ultrabook - Intel Core i7 10750H Comet Lake,  15.6 OLED antireflexní 3840 × 2160,  RAM  32GB DDR4,  NVIDIA GeForce RTX 2060 Max-Q 6GB,  SSD  1000GB,  podsvícená klávesnice,  webkamera,  USB 3.2 Gen 1,  USB 3.2 Gen 2,  USB-C,  čtečka otisků prstů, WiFi 6,  83 Wh baterie, Hmotnost 2,14 kg,  Windows 10 Pro (1N7V0EA) ",54990
Asus TUF Gaming Dash F15 FX516PE-HN004T Eclipse Gray kovový,"Herní notebook - Intel Core i5 10300H Comet Lake,  15.6 IPS antireflexní 1920 × 1080 240Hz,  RAM  16GB DDR4,  NVIDIA GeForce RTX 2060  6GB,  SSD  512GB,  numerická klávesnice,  podsvícená klávesnice,  webkamera,  USB 3.2 Gen 1,  USB-C, WiFi 6,  80 Wh baterie, Hmotnost 2,46 kg,  Bez operačního systému ",27989
Asus TUF Gaming Dash F15 FX516PE-HN004T Eclipse Gray kovový,"Herní notebook - Intel Core i7 10750H Comet Lake,  17.3 VA matný 1920 × 1080 144Hz,  RAM  32GB DDR4,  NVIDIA GeForce RTX 2070 Super 8GB,  SSD  1000GB,  numerická klávesnice,  podsvícená klávesnice,  webkamera,  USB 3.2 Gen 1,  čtečka otisků prstů, WiFi 6,  97 Wh baterie, Hmotnost 3,29 kg,  Windows 10 Home (NBD) ",53990
Asus TUF Gaming Dash F15 FX516PE-HN004T Eclipse Gray kovový,"Herní notebook - Intel Core i7 10870H Comet Lake,  17.3 IPS antireflexní 1920 × 1080 300Hz,  RAM  16GB DDR4,  NVIDIA GeForce RTX 3060 6GB 105 W,  SSD  1000GB,  numerická klávesnice, podsvícená RGB klávesnice,  webkamera,  USB 3.2 Gen 1,  USB-C,  čtečka otisků prstů, WiFi 6,  94 Wh baterie, Hmotnost 2,5 kg,  Windows 10 Home ",50990
Asus TUF Gaming Dash F15 FX516PE-HN004T Eclipse Gray kovový,"Herní notebook - AMD Ryzen 7 5800HS,  14 IPS antireflexní 1920 × 1080 144Hz,  RAM  16GB DDR4,  NVIDIA GeForce RTX 3060 6GB,  SSD  512GB,  podsvícená klávesnice,  USB 3.2 Gen 1,  USB-C,  čtečka otisků prstů, WiFi 6,  76 Wh baterie, Hmotnost 1,6 kg,  Windows 10 Home ",43990
Asus TUF Gaming Dash F15 FX516PE-HN004T Eclipse Gray kovový,"Herní notebook - AMD Ryzen 7 5800H,  15.6 IPS antireflexní 1920 × 1080 144Hz,  RAM  16GB DDR4,  NVIDIA GeForce RTX 3060 6GB,  SSD  512GB, podsvícená RGB klávesnice,  USB 3.2 Gen 1,  USB-C, WiFi 6, Hmotnost 2,5 kg,  Windows 10 Home ",39990
Asus TUF Gaming Dash F15 FX516PE-HN004T Eclipse Gray kovový,"Herní notebook - AMD Ryzen 5 5600H,  17.3 IPS matný 1920 × 1080 144Hz,  RAM  16GB DDR4,  NVIDIA GeForce RTX 3050 Ti 4GB 80 W,  SSD  512GB,  podsvícená klávesnice,  USB 3.2 Gen 1,  USB-C, WiFi 6, Hmotnost 2,4 kg,  Windows 10 Home 4-Zone RGB, G713QE-HX023T ",34990
Asus TUF Gaming Dash F15 FX516PE-HN004T Eclipse Gray kovový,"Herní notebook - Intel Core i7 10750H Comet Lake,  17.3 IPS matný 1920 × 1080 144Hz,  RAM  16GB DDR4,  NVIDIA GeForce RTX 2060  6GB,  SSD  1000GB,  numerická klávesnice, podsvícená RGB klávesnice,  webkamera,  USB 3.2 Gen 1,  USB-C, WiFi 6,  51 Wh baterie, Hmotnost 2,6 kg,  Windows 10 Home ",40990
Asus TUF Gaming Dash F15 FX516PE-HN004T Eclipse Gray kovový,"Herní notebook - Intel Core i7 10750H Comet Lake,  15.6 IPS antireflexní 1920 × 1080 240Hz,  RAM  16GB DDR4,  NVIDIA GeForce RTX 2070 Super 8GB,  SSD  1000GB,  podsvícená klávesnice,  USB 3.2 Gen 1,  USB-C, WiFi 5, Hmotnost 2,39 kg,  Windows 10 Home G512LWS-AZ003T ",51990
Asus TUF Gaming Dash F15 FX516PE-HN004T Eclipse Gray kovový,"Herní notebook - Intel Core i7 10750H Comet Lake,  17.3 IPS matný 1920 × 1080 144Hz,  RAM  16GB DDR4,  NVIDIA GeForce GTX 1660 Ti 6GB,  SSD  1000GB,  numerická klávesnice, podsvícená RGB klávesnice,  webkamera,  USB 3.2 Gen 1,  USB-C, WiFi 6,  51 Wh baterie, Hmotnost 2,6 kg,  Windows 10 Home ",38390
Asus TUF Gaming Dash F15 FX516PE-HN004T Eclipse Gray kovový,"Herní notebook - Intel Core i7 10750H Comet Lake,  16.1 IPS matný 1920 × 1080,  RAM  16GB DDR4,  NVIDIA GeForce GTX 1660 Ti Max-Q 6GB,  SSD  256GB  +  HDD  1TB,  numerická klávesnice,  podsvícená klávesnice,  webkamera,  USB 3.2 Gen 1,  USB-C, WiFi 6,  52,5 Wh baterie, Hmotnost 2,44 kg,  Windows 10 Home (1X2J2EA) ",31990
Asus TUF Gaming Dash F15 FX516PE-HN004T Eclipse Gray kovový,"Notebook - Intel Core i5 10300H Comet Lake,  15.6 IPS antireflexní 1920 × 1080,  RAM  16GB DDR4,  NVIDIA GeForce GTX 1650 4GB,  SSD  512GB,  webkamera,  USB 3.2 Gen 1,  USB-C,  čtečka otisků prstů, WiFi 6,  57 Wh baterie, Hmotnost 1,9 kg,  Windows 10 Pro ",30690
Acer Nitro 5 Obsidian Black,"Herní notebook - Intel Core i5 10300H Comet Lake,  15.6 IPS matný 1920 × 1080 144Hz,  RAM  8GB DDR4,  NVIDIA GeForce GTX 1650 4GB,  SSD  512GB,  podsvícená klávesnice,  webkamera,  USB 3.2 Gen 1,  USB 3.2 Gen 2,  USB-C, WiFi 6, Hmotnost 2,3 kg,  Windows 10 Home, HDD upgrade kit (AN515-55-59P6) ",23490
Acer Nitro 5 Obsidian Black,"Herní notebook - Intel Core i7 10700 Comet Lake,  17.3 IPS antireflexní 1920 × 1080 300Hz,  RAM  32GB DDR4,  NVIDIA GeForce RTX 2070 Super 8GB,  SSD  2000GB,  numerická klávesnice,  podsvícená klávesnice,  webkamera,  USB 3.2 Gen 1, WiFi 6,  7895 mAh baterie, Hmotnost 4,1 kg,  Windows 10 Home (NBD) ",74990
Acer Nitro 5 Obsidian Black,"Herní notebook - Intel Core i7 10700 Comet Lake,  17.3 IPS antireflexní 1920 × 1080 300Hz,  RAM  16GB DDR4,  NVIDIA GeForce RTX 2070 Super 8GB,  SSD  512GB,  numerická klávesnice,  podsvícená klávesnice,  webkamera,  USB 3.2 Gen 1, WiFi 6,  90 Wh baterie, Hmotnost 4,1 kg,  Windows 10 Home (NBD) ",64990
Acer Nitro 5 Obsidian Black,"Herní notebook - AMD Ryzen 5 4600H,  15.6 IPS matný 1920 × 1080 144Hz,  RAM  16GB DDR4,  NVIDIA GeForce GTX 1650 4GB,  SSD  512GB,  numerická klávesnice,  podsvícená klávesnice,  webkamera,  USB 3.2 Gen 1,  USB-C, WiFi 5,  52,5 Wh baterie, Hmotnost 2,25 kg,  Windows 10 Home (1X2D1EA) ",22990
Acer Nitro 5 Obsidian Black,"Ultrabook - Intel Core i7 10750H Comet Lake,  17 IPS antireflexní 1920 × 1200,  RAM  16GB DDR4,  NVIDIA GeForce GTX 1650 Ti 4GB,  SSD  1000GB,  podsvícená klávesnice,  webkamera,  USB-C,  čtečka otisků prstů, WiFi 6,  97 Wh baterie, Hmotnost 2,11 kg,  Windows 10 Home (NBD) ",66990
Acer Nitro 5 Obsidian Black,"Notebook - Intel Core i7 10870H Comet Lake,  dotykový 15.6 IPS matný 1920 × 1080,  RAM  32GB DDR4,  NVIDIA GeForce RTX 3060 6GB 95 W,  SSD  1000GB,  podsvícená klávesnice,  webkamera,  USB-C,  čtečka otisků prstů, WiFi 6E,  99,9 Wh baterie, Hmotnost 2,1 kg,  Windows 10 Pro ",65990
Acer Nitro 5 Obsidian Black,"Herní notebook - Intel Core i7 10750H Comet Lake,  15.6 IPS matný 1920 × 1080 144Hz,  RAM  16GB DDR4,  NVIDIA GeForce RTX 2070 Super 8GB,  SSD  512GB  +  HDD  1TB,  numerická klávesnice,  podsvícená klávesnice,  webkamera,  USB 3.2 Gen 1,  USB-C, WiFi 6,  69 Wh baterie, Hmotnost 2,4 kg,  Windows 10 Home (1X2B3EA) ",42990
Acer Nitro 5 Obsidian Black,"Herní notebook - AMD Ryzen 7 5800HS,  14 IPS antireflexní 1920 × 1080 144Hz,  RAM  16GB DDR4,  NVIDIA GeForce RTX 3060 6GB 80 W,  SSD  1000GB,  podsvícená klávesnice,  USB 3.2 Gen 1,  USB-C,  čtečka otisků prstů, WiFi 6,  76 mAh baterie, Hmotnost 1,7 kg,  Windows 10 Home ",49990
Acer Nitro 5 Obsidian Black,"Herní notebook - AMD Ryzen 7 5800H,  15.6 IPS antireflexní 1920 × 1080 144Hz,  RAM  16GB DDR4,  NVIDIA GeForce RTX 3060 6GB 130 W,  SSD  512GB, podsvícená RGB klávesnice,  USB 3.2 Gen 1,  USB-C, WiFi 6, Hmotnost 2,5 kg,  Windows 10 Home ",39990
Acer Nitro 5 Obsidian Black,"Herní notebook - AMD Ryzen 7 5800H,  15.6 IPS antireflexní 1920 × 1080 300Hz,  RAM  16GB DDR4,  NVIDIA GeForce RTX 3060 6GB 130 W,  SSD  512GB, podsvícená RGB klávesnice,  webkamera,  USB 3.2 Gen 1,  USB-C, WiFi 6, Hmotnost 2,5 kg,  Windows 10 Home, 3ms odezva klávesnice ",49990
Acer Nitro 5 Obsidian Black,"Herní notebook - Intel Core i5 10300H Comet Lake,  15.6 IPS matný 1920 × 1080 144Hz,  RAM  8GB DDR4,  NVIDIA GeForce GTX 1650 Ti 4GB,  SSD  1000GB,  numerická klávesnice,  podsvícená klávesnice,  webkamera,  USB 3.2 Gen 1,  USB-C,  čtečka otisků prstů, WiFi 5,  4474 mAh baterie, Hmotnost 2,55 kg,  Windows 10 Home (NBD) ",29990
Acer Nitro 5 Obsidian Black,"Herní notebook - Intel Core i7 10870H Comet Lake,  15.6 IPS antireflexní 1920 × 1080 240Hz,  RAM  16GB DDR4,  NVIDIA GeForce RTX 3060 6GB 105 W,  SSD  512GB,  numerická klávesnice, podsvícená RGB klávesnice,  webkamera,  USB 3.2 Gen 1,  USB-C, WiFi 6, Hmotnost 2 kg,  Windows 10 Home ",44290
Acer Nitro 5 Obsidian Black,"Herní notebook - Intel Core i7 1185G7 Tiger Lake,  15.6 IPS matný 1920 × 1080 144Hz,  RAM  16GB DDR4,  NVIDIA GeForce RTX 2060 Max-Q 6GB,  SSD  512GB, podsvícená RGB klávesnice,  webkamera,  USB 3.2 Gen 1,  USB-C, WiFi 6,  52 Wh baterie, Hmotnost 1,69 kg,  Windows 10 Home ",36990
Acer Nitro 5 Obsidian Black,"Ultrabook - Intel Core i7 10750H Comet Lake,  17 IPS lesklý 3840 × 2400,  RAM  16GB DDR4,  NVIDIA GeForce GTX 1650 Ti 4GB,  SSD  1000GB,  podsvícená klávesnice,  webkamera,  čtečka otisků prstů, WiFi 6,  97 Wh baterie, Hmotnost 2,53 kg,  Windows 10 Pro (NBD) ",73990
Acer Nitro 5 Obsidian Black,"Ultrabook - Intel Core i7 10750H Comet Lake,  dotykový 15.6 IPS lesklý 3840 × 2400,  RAM  16GB DDR4,  NVIDIA GeForce GTX 1650 Ti 4GB,  SSD  1000GB,  podsvícená klávesnice,  webkamera,  USB-C,  čtečka otisků prstů, WiFi 6,  7544 mAh baterie, Hmotnost 2,05 kg,  Windows 10 Home (NBD) ",57990
Acer Nitro 5 Obsidian Black,"Herní notebook - Intel Core i5 10300H Comet Lake,  17 IPS antireflexní 1920 × 1080 144Hz,  RAM  16GB DDR4,  NVIDIA GeForce GTX 1650 Ti 4GB,  SSD  512GB, podsvícená RGB klávesnice,  webkamera,  USB 3.2 Gen 1,  USB-C, WiFi 6, Hmotnost 2,6 kg,  Bez operačního systému ",23990
Acer Nitro 5 Obsidian Black,"Herní notebook - Intel Core i7 10750H Comet Lake,  15.6 IPS matný 1920 × 1080 240Hz,  RAM  16GB DDR4,  NVIDIA GeForce RTX 2060  6GB,  SSD  1000GB,  numerická klávesnice, podsvícená RGB klávesnice,  USB 3.2 Gen 1,  USB 3.2 Gen 2,  USB-C, WiFi 6, Hmotnost 2,5 kg,  Windows 10 Home, HDD upgrade kit  (PH315-53-701D) ",37990
Acer Nitro 5 Obsidian Black,"Ultrabook - Intel Core i7 10710U Comet Lake,  14 IPS matný 1920 × 1080,  RAM  16GB LPDDR3-SDRAM,  NVIDIA GeForce GTX 1650 Max-Q 4GB,  SSD  512GB,  podsvícená klávesnice,  webkamera,  USB-C,  Thunderbolt 3, čtečka otisků prstů,  WiFi,  Bluetooth,  3článková baterie 4600 mAh,  Windows 10 Home Prestige 14 A10SC-031CZ",29990
Acer Nitro 5 Obsidian Black,"Herní notebook - Intel Core i5 10300H Comet Lake,  15.6 IPS antireflexní 1920 × 1080 120Hz,  RAM  16GB DDR4,  NVIDIA GeForce GTX 1650 Ti 4GB,  SSD  512GB,  podsvícená klávesnice,  webkamera,  USB 3.2 Gen 1,  USB-C, WiFi 5, Hmotnost 2,2 kg,  Windows 10 Home ",22989
Acer Nitro 5 Obsidian Black,"Herní notebook - AMD Ryzen 5 5600H,  15.6 IPS antireflexní 1920 × 1080 144Hz,  RAM  16GB DDR4,  NVIDIA GeForce RTX 3050 Ti 4GB 95 W,  SSD  512GB, podsvícená RGB klávesnice,  USB 3.2 Gen 1,  USB-C, WiFi 6, Hmotnost 2,1 kg,  Windows 10 Home 4-Zone RGB, G513QE-HN029T ",32990
Acer Nitro 5 Obsidian Black,"Herní notebook - AMD Ryzen 5 4600H,  15.6 IPS antireflexní 1920 × 1080,  RAM  16GB DDR4,  NVIDIA GeForce GTX 1650 4GB,  SSD  512GB,  numerická klávesnice,  podsvícená klávesnice,  webkamera,  USB 3.2 Gen 1,  USB-C, WiFi 6, Hmotnost 2,3 kg,  FreeDOS ",20499
Acer Nitro 5 Obsidian Black,"Herní notebook - Intel Core i9 11980HK Tiger Lake,  15.6 IPS matný 1920 × 1080 300Hz,  RAM  32GB DDR4,  NVIDIA GeForce RTX 3080 16GB 135 W,  SSD  1000GB, podsvícená RGB klávesnice,  webkamera,  USB 3.2 Gen 1,  USB-C, WiFi 6E, Hmotnost 2,4 kg,  Windows 10 Home ",87990
Acer Nitro 5 Obsidian Black,"Herní notebook - Intel Core i5 10300H Comet Lake,  15.6 IPS antireflexní 1920 × 1080 144Hz,  RAM  8GB DDR4,  NVIDIA GeForce GTX 1650 Ti 4GB,  SSD  512GB,  numerická klávesnice,  podsvícená klávesnice,  webkamera,  USB 3.2 Gen 1,  USB-C, WiFi 6, Hmotnost 2,3 kg,  Bez operačního systému ",20990
Acer Nitro 5 Obsidian Black,"Herní notebook - AMD Ryzen 5 4600H,  15.6 IPS antireflexní 1920 × 1080,  RAM  8GB DDR4,  NVIDIA GeForce GTX 1650 Ti 4GB,  SSD  512GB,  numerická klávesnice,  podsvícená klávesnice,  webkamera,  USB 3.2 Gen 1,  USB-C, WiFi 6, Hmotnost 2,3 kg,  Bez operačního systému ",20499
HP Pavilion Gaming 16-a0022nc Shadow Black White,"Herní notebook - Intel Core i5 10300H Comet Lake,  16.1 IPS matný 1920 × 1080,  RAM  16GB DDR4,  NVIDIA GeForce GTX 1660 Ti Max-Q 6GB,  SSD  512GB,  numerická klávesnice,  podsvícená klávesnice,  webkamera,  USB 3.2 Gen 1,  USB-C, WiFi 6, Hmotnost 2,44 kg,  Windows 10 Home (3Z6X4EA) ",28907
HP Pavilion Gaming 16-a0022nc Shadow Black White,"Herní notebook - Intel Core i5 10300H Comet Lake,  15.6 IPS antireflexní 1920 × 1080 144Hz,  RAM  16GB DDR4,  NVIDIA GeForce GTX 1650 Ti 4GB,  SSD  512GB,  numerická klávesnice, podsvícená RGB klávesnice,  webkamera,  USB 3.2 Gen 1,  USB-C, WiFi 6, Hmotnost 2,3 kg,  Bez operačního systému 1 Zone RGB, MIL-STD 810G ",23990
HP Pavilion Gaming 16-a0022nc Shadow Black White,"Herní notebook - Intel Core i7 11370H Tiger Lake,  15.6 IPS antireflexní 1920 × 1080 144Hz,  RAM  16GB DDR4,  NVIDIA GeForce RTX 3050 Ti 4GB 80 W,  SSD  1000GB,  podsvícená klávesnice,  USB 3.2 Gen 1,  USB-C, WiFi 6, Hmotnost 2 kg,  Windows 10 Home FX516PE-HN020T ",36990
HP Pavilion Gaming 16-a0022nc Shadow Black White,"Herní notebook - Intel Core i7 11370H Tiger Lake,  15.6 IPS antireflexní 1920 × 1080 144Hz,  RAM  16GB DDR4,  NVIDIA GeForce RTX 3050 Ti 4GB 80 W,  SSD  512GB,  podsvícená klávesnice,  USB 3.2 Gen 1,  USB-C, WiFi 6, Hmotnost 2 kg,  Windows 10 Home ",34990
HP Pavilion Gaming 16-a0022nc Shadow Black White,"Herní notebook - Intel Core i7 10870H Comet Lake,  15.6 IPS matný 1920 × 1080 240Hz,  RAM  16GB DDR4,  NVIDIA GeForce RTX 3060 6GB 95 W,  SSD  1000GB, podsvícená RGB klávesnice,  webkamera,  USB-C, WiFi 6E,  99,9 Wh baterie, Hmotnost 2,1 kg,  Windows 10 Home ",52990
HP Pavilion Gaming 16-a0022nc Shadow Black White,"Herní notebook - Intel Core i9 11980HK Tiger Lake,  15.6 IPS matný 1920 × 1080 300Hz,  RAM  16GB DDR4,  NVIDIA GeForce RTX 3070 8GB 135 W,  SSD  1000GB,  numerická klávesnice, podsvícená RGB klávesnice,  webkamera,  USB 3.2 Gen 1,  USB 3.2 Gen 2,  USB 3.2 Gen 2x2,  USB-C, WiFi 6E, Hmotnost 2,38 kg,  Windows 10 Home ",66990
HP Pavilion Gaming 16-a0022nc Shadow Black White,"Herní notebook - Intel Core i7 11370H Tiger Lake,  15.6 IPS antireflexní 1920 × 1080 144Hz,  RAM  16GB DDR4,  NVIDIA GeForce RTX 3050 Ti 4GB 80 W,  SSD  1000GB,  podsvícená klávesnice,  USB 3.2 Gen 1,  USB-C, WiFi 6, Hmotnost 2 kg,  Windows 10 Home FX516PE-HN023T ",36990
HP Pavilion Gaming 16-a0022nc Shadow Black White,"Herní notebook - AMD Ryzen 9 5900HS,  14 IPS antireflexní 1920 × 1080 144Hz,  RAM  16GB DDR4,  NVIDIA GeForce RTX 3060 6GB 80 W,  SSD  512GB,  podsvícená klávesnice,  USB 3.2 Gen 1,  USB-C,  čtečka otisků prstů, WiFi 6, Hmotnost 1,6 kg,  Windows 10 Home ",45990
HP Pavilion Gaming 16-a0022nc Shadow Black White,"Herní notebook - AMD Ryzen 9 5900HX,  15.6 IPS antireflexní 1920 × 1080 300Hz,  RAM  16GB DDR4,  NVIDIA GeForce RTX 3060 6GB,  SSD  512GB,  podsvícená klávesnice,  USB 3.2 Gen 1,  USB-C, WiFi 6,  90 Wh baterie, Hmotnost 2,3 kg,  Windows 10 Home G533QM-HF093T ",51990
HP Pavilion Gaming 16-a0022nc Shadow Black White,"Herní notebook - Intel Core i7 11375H Tiger Lake,  15.6 IPS matný 1920 × 1080 144Hz,  RAM  16GB DDR4,  NVIDIA GeForce RTX 3060 6GB 65 W,  SSD  512GB,  podsvícená klávesnice,  webkamera,  USB 3.2 Gen 1,  USB-C, WiFi 6, Hmotnost 1,7 kg,  Windows 10 Home ",46990
HP Pavilion Gaming 16-a0022nc Shadow Black White,"Herní notebook - Intel Core i7 10870H Comet Lake,  15.6 IPS matný 1920 × 1080 240Hz,  RAM  16GB DDR4,  NVIDIA GeForce RTX 3070 8GB 100 W,  SSD  1000GB,  numerická klávesnice, podsvícená RGB klávesnice,  webkamera,  USB 3.2 Gen 1,  USB-C, WiFi 6, Hmotnost 2,5 kg,  Windows 10 Home, HDD upgrade kit  (PH315-53-700G)  ",54990
HP Pavilion Gaming 16-a0022nc Shadow Black White,"Herní notebook - Intel Core i7 10870H Comet Lake,  15.6 IPS antireflexní 1920 × 1080 144Hz,  RAM  16GB DDR4,  NVIDIA GeForce RTX 3070 8GB 100 W,  SSD  512GB,  numerická klávesnice, podsvícená RGB klávesnice,  webkamera,  USB 3.2 Gen 1,  čtečka otisků prstů, WiFi 6,  99 Wh baterie, Hmotnost 2 kg,  Windows 10 Home ",51790
HP Pavilion Gaming 16-a0022nc Shadow Black White,"Herní notebook - Intel Core i7 10870H Comet Lake,  17.3 IPS antireflexní 1920 × 1080 144Hz,  RAM  16GB DDR4,  NVIDIA GeForce RTX 3060 6GB,  SSD  512GB,  numerická klávesnice, podsvícená RGB klávesnice,  webkamera,  USB 3.2 Gen 1,  USB 3.2 Gen 2, WiFi 6,  48,96 Wh baterie, Hmotnost 2,5 kg,  Windows 10 Home ",40290
HP Pavilion Gaming 16-a0022nc Shadow Black White,"Ultrabook - Intel Core i7 10750H Comet Lake,  17 IPS lesklý 3840 × 2400,  RAM  16GB DDR4,  NVIDIA GeForce GTX 1650 Ti 4GB,  SSD  1000GB,  podsvícená klávesnice,  webkamera,  čtečka otisků prstů, WiFi 6,  97 Wh baterie, Hmotnost 2,11 kg,  Windows 10 Home (NBD) ",79990
HP Pavilion Gaming 16-a0022nc Shadow Black White,"Herní notebook - Intel Core i7 10870H Comet Lake,  15.6 IPS antireflexní 1920 × 1080 240Hz,  RAM  16GB DDR4,  NVIDIA GeForce RTX 3060 6GB 115 W,  SSD  512GB,  numerická klávesnice, podsvícená RGB klávesnice,  webkamera,  USB 3.2 Gen 1,  USB-C, WiFi 6, Hmotnost 2,2 kg,  Windows 10 Home ",44490
HP Pavilion Gaming 16-a0022nc Shadow Black White,"Herní notebook - AMD Ryzen 9 5900HX,  15.6 IPS antireflexní 1920 × 1080 300Hz,  RAM  16GB DDR4,  NVIDIA GeForce RTX 3070 8GB 130 W,  SSD  1000GB,  numerická klávesnice, podsvícená RGB klávesnice,  USB 3.2 Gen 1,  USB-C, WiFi 6, Hmotnost 2,3 kg,  Windows 10 Home ",54990
HP Pavilion Gaming 16-a0022nc Shadow Black White,"Herní notebook - Intel Core i7 10750H Comet Lake,  15.6 IPS antireflexní 1920 × 1080 300Hz,  RAM  16GB DDR4,  NVIDIA GeForce RTX 2060  6GB,  SSD  1000GB,  numerická klávesnice,  podsvícená klávesnice,  webkamera,  USB 3.2 Gen 1,  čtečka otisků prstů, WiFi 6,  5965 mAh baterie, Hmotnost 2,65 kg,  Windows 10 Pro (NBD) ",38630
HP Pavilion Gaming 16-a0022nc Shadow Black White,"Herní notebook - Intel Core i7 10750H Comet Lake,  15.6 IPS matný 1920 × 1080 300Hz,  RAM  16GB DDR4,  NVIDIA GeForce RTX 2060  6GB,  SSD  1000GB,  numerická klávesnice,  podsvícená klávesnice,  webkamera,  USB 3.2 Gen 1,  čtečka otisků prstů, WiFi 6,  5965 mAh baterie, Hmotnost 2,65 kg,  Windows 10 Home (NBD) ",37711
HP Pavilion Gaming 16-a0022nc Shadow Black White,"Herní notebook - Intel Core i5 9300H Coffee Lake,  17.3 IPS lesklý 1920 × 1080,  RAM  8GB DDR4,  NVIDIA GeForce GTX 1660 Ti 6GB,  SSD  512GB,  numerická klávesnice,  podsvícená klávesnice,  webkamera,  USB 3.2 Gen 1,  USB-C,  čtečka otisků prstů, WiFi 5,  60 Wh baterie, Hmotnost 3,3 kg,  Windows 10 Home (NBD) ",28491
HP Pavilion Gaming 16-a0022nc Shadow Black White,"Ultrabook - Intel Core i7 10750H Comet Lake,  dotykový 15.6 IPS lesklý 3840 × 2400,  RAM  16GB DDR4,  NVIDIA GeForce GTX 1650 Ti 4GB,  SSD  1000GB,  podsvícená klávesnice,  webkamera,  USB-C,  čtečka otisků prstů, WiFi 6,  7544 mAh baterie, Hmotnost 2,05 kg,  Windows 10 Pro (NBD) ",59991
HP Pavilion Gaming 16-a0022nc Shadow Black White,"Ultrabook - Intel Core i7 10875H Comet Lake,  17 IPS lesklý 3840 × 2400,  RAM  32GB DDR4,  NVIDIA GeForce RTX 2060 Max-Q 6GB,  SSD  1000GB,  podsvícená klávesnice,  webkamera,  čtečka otisků prstů, WiFi 6,  97 Wh baterie, Hmotnost 2,53 kg,  Windows 10 Home (NBD) ",69990
HP Pavilion Gaming 16-a0022nc Shadow Black White,"Herní notebook - Intel Core i5 10300H Comet Lake,  16.1 IPS matný 1920 × 1080,  RAM  16GB DDR4,  NVIDIA GeForce GTX 1650 Ti 4GB,  SSD  1000GB,  numerická klávesnice,  podsvícená klávesnice,  webkamera,  USB 3.2 Gen 1,  USB-C, WiFi 6,  52,5 Wh baterie, Hmotnost 2,44 kg,  Windows 10 Home (25N79EA) ",24561
HP Pavilion Gaming 16-a0022nc Shadow Black White,"Tablet PC - Intel Core i7 9750H Coffee Lake,  dotykový 15.6 IPS antireflexní 3840 × 2160,  RAM  16GB LPDDR4,  NVIDIA GeForce GTX 1650 Max-Q 4GB,  SSD  1000GB + Intel Optane 32GB,  podsvícená klávesnice,  webkamera,  USB-C,  čtečka otisků prstů,  WiFi 802.11ax,  6článková baterie 84 Wh,  Windows 10 Home (NBD) ",40792
HP Pavilion Gaming 16-a0022nc Shadow Black White,"Tablet PC - Intel Core i7 10750H Comet Lake,  dotykový 15.6 OLED lesklý 3840 × 2160,  RAM  16GB DDR4,  NVIDIA GeForce GTX 1650 Ti Max-Q 4GB,  SSD  1000GB + Intel Optane 32GB,  numerická klávesnice,  podsvícená klávesnice,  webkamera,  USB 3.2 Gen 1,  USB-C,  čtečka otisků prstů, stylus, WiFi 6,  7290 mAh baterie, Hmotnost 2,04 kg,  Windows 10 Pro (1N7Q0EA) ",55090
OMEN by HP 15-dh0110nc Shadow Black,"Herní notebook - Intel Core i9 9880H Coffee Lake,  15.6 OLED antireflexní 3840 × 2160,  RAM  32GB DDR4,  NVIDIA GeForce RTX 2080 Max-Q 8GB,  SSD  512GB  +  HDD  1TB 7200 ot/min,  numerická klávesnice,  podsvícená klávesnice,  webkamera,  USB 3.2 Gen 1,  USB-C,  WiFi 802.11ax,  6článková baterie 69 Wh,  Windows 10 Home (NBD) (8RV47EA) ",64990
OMEN by HP 15-dh0110nc Shadow Black,"Herní notebook - Intel Core i7 10750H Comet Lake,  15.6 IPS matný 1920 × 1080 144Hz,  RAM  32GB DDR4,  NVIDIA GeForce RTX 2070 Max-Q 8GB,  SSD  1000GB,  podsvícená klávesnice,  webkamera,  USB 3.2 Gen 1,  USB-C, WiFi 6,  70,9 Wh baterie, Hmotnost 2,46 kg,  Windows 10 Home (1X2E5EA) ",44641
OMEN by HP 15-dh0110nc Shadow Black,"Herní notebook - Intel Core i7 9750H Coffee Lake,  15.6 OLED lesklý 3840 × 2160,  RAM  32GB DDR4,  NVIDIA GeForce RTX 2070 Max-Q 8GB,  SSD  512GB  +  HDD  1TB 7200 ot/min,  numerická klávesnice,  podsvícená klávesnice,  webkamera,  USB 3.2 Gen 1,  USB-C, WiFi 6,  69 Wh baterie, Hmotnost 2,4 kg,  Windows 10 Home (8RS54EA) ",45990
OMEN by HP 15-dh0110nc Shadow Black,"Tablet PC - Intel Core i7 8650U Kaby Lake R,  dotykový 15 IPS 3240 × 2160,  RAM  16GB LPDDR3-SDRAM,  NVIDIA GeForce GTX 1060 6GB,  SSD  512GB,  podsvícená klávesnice,  webkamera,  USB 3.2 Gen 1,  WiFi 802.11ac,  75,3 Wh baterie,  Windows 10 Pro ",59991
OMEN by HP 15-dh0110nc Shadow Black,"Herní notebook - Intel Core i7 11370H Tiger Lake,  15.6 IPS antireflexní 1920 × 1080 144Hz,  RAM  16GB DDR4,  NVIDIA GeForce RTX 3050 Ti 4GB 80 W,  SSD  512GB,  podsvícená klávesnice,  USB 3.2 Gen 1,  USB-C, WiFi 6, Hmotnost 2 kg,  Windows 10 Home ",33240
OMEN by HP 15-dh0110nc Shadow Black,"Herní notebook - AMD Ryzen 7 5800H,  15.6 IPS antireflexní 1920 × 1080 144Hz,  RAM  16GB DDR4,  NVIDIA GeForce RTX 3060 6GB 95 W,  SSD  512GB, podsvícená RGB klávesnice,  webkamera,  USB 3.2 Gen 1,  USB-C, WiFi 6, Hmotnost 2,3 kg,  Windows 10 Home ",35141
OMEN by HP 15-dh0110nc Shadow Black,"Herní notebook - Intel Core i7 10870H Comet Lake,  15.6 IPS antireflexní 1920 × 1080 144Hz,  RAM  16GB DDR4,  NVIDIA GeForce GTX 1650 Ti 4GB,  SSD  512GB,  numerická klávesnice,  podsvícená klávesnice,  webkamera,  USB 3.2 Gen 1,  USB-C, WiFi 6,  48 Wh baterie, Hmotnost 2,3 kg,  Windows 10 Home 1 Zone RGB, MIL-STD 810G ",28491
OMEN by HP 15-dh0110nc Shadow Black,"Herní notebook - AMD Ryzen 7 4800H,  17.3 IPS antireflexní 1920 × 1080 120Hz,  RAM  16GB DDR4,  NVIDIA GeForce GTX 1660 Ti 6GB,  SSD  1000GB,  numerická klávesnice, podsvícená RGB klávesnice,  webkamera,  USB 3.2 Gen 1,  USB-C, WiFi 5,  90 Wh baterie, Hmotnost 2,6 kg,  Windows 10 Home Adaptive-Sync ",37041
OMEN by HP 15-dh0110nc Shadow Black,"Herní notebook - AMD Ryzen 7 3750H,  17.3 IPS antireflexní 1920 × 1080,  RAM  8GB DDR4,  NVIDIA GeForce GTX 1650 4GB,  SSD  512GB,  numerická klávesnice,  podsvícená klávesnice,  webkamera,  USB 3.2 Gen 1, WiFi 5,  64 Wh baterie,  Windows 10 Home FX705DT-AU027T ",20691
OMEN by HP 15-dh0110nc Shadow Black,"Herní notebook - AMD Ryzen 7 4800H,  15.6 IPS antireflexní 1920 × 1080 144Hz,  RAM  16GB DDR4,  NVIDIA GeForce GTX 1660 Ti 6GB,  SSD  512GB,  podsvícená klávesnice,  webkamera,  USB 3.2 Gen 1,  USB-C, WiFi 5,  48 Wh baterie, Hmotnost 2,3 kg,  Windows 10 Home ",27290
OMEN by HP 15-dh0110nc Shadow Black,"Herní notebook - AMD Ryzen 9 4900HS,  15.6 IPS antireflexní 1920 × 1080 240Hz,  RAM  16GB DDR4,  NVIDIA GeForce RTX 2060 Max-Q 6GB,  SSD  1000GB,  podsvícená klávesnice,  USB 3.2 Gen 1,  USB-C, WiFi 6,  76 Wh baterie, Hmotnost 2,1 kg,  Windows 10 Home 3ms odezva ",34990
OMEN by HP 15-dh0110nc Shadow Black,"Herní notebook - AMD Ryzen 7 5800HS,  15.6 IPS matný 1920 × 1080 144Hz,  RAM  16GB DDR4,  NVIDIA GeForce RTX 3080 8GB,  SSD  1000GB,  podsvícená klávesnice,  USB 3.2 Gen 1,  USB-C,  čtečka otisků prstů, WiFi 6,  90 Wh baterie, Hmotnost 1,9 kg,  Windows 10 Home, Freesync ",58891
OMEN by HP 15-dh0110nc Shadow Black,"Herní notebook - AMD Ryzen 7 5800HS,  14 IPS antireflexní 1920 × 1080 144Hz,  RAM  16GB DDR4,  NVIDIA GeForce RTX 3060 6GB 80 W,  SSD  512GB,  podsvícená klávesnice,  USB 3.2 Gen 1,  USB-C,  čtečka otisků prstů, WiFi 6,  76 Wh baterie, Hmotnost 1,6 kg,  Windows 10 Home ",41791
OMEN by HP 15-dh0110nc Shadow Black,"Herní notebook - AMD Ryzen 5 4600HS,  14 IPS matný 1920 × 1080 120Hz,  RAM  16GB DDR4,  NVIDIA GeForce GTX 1650 Ti 4GB,  SSD  512GB,  podsvícená klávesnice,  USB 3.2 Gen 1,  USB-C, WiFi 5,  Bluetooth, Hmotnost 1,6 kg,  Windows 10 Home ",30991
OMEN by HP 15-dh0110nc Shadow Black,"Herní notebook - AMD Ryzen 7 5800HS,  15.6 IPS matný 1920 × 1080 144Hz,  RAM  16GB DDR4,  NVIDIA GeForce RTX 3080 8GB,  SSD  1000GB,  podsvícená klávesnice,  USB 3.2 Gen 1,  USB-C,  čtečka otisků prstů, WiFi 6,  90 Wh baterie, Hmotnost 1,9 kg,  Windows 10 Home, Freesync ",57031
OMEN by HP 15-dh0110nc Shadow Black,"Herní notebook - AMD Ryzen 5 4600HS,  14 IPS matný 1920 × 1080 120Hz,  RAM  16GB DDR4,  NVIDIA GeForce GTX 1650 Ti 4GB,  SSD  512GB,  podsvícená klávesnice,  USB 3.2 Gen 1,  USB-C,  čtečka otisků prstů, WiFi 6, Hmotnost 1,7 kg,  Windows 10 Home ",34951
OMEN by HP 15-dh0110nc Shadow Black,"Herní notebook - AMD Ryzen 7 4800HS,  15.6 IPS antireflexní 1920 × 1080 240Hz,  RAM  16GB DDR4,  NVIDIA GeForce RTX 2060 Max-Q 6GB,  SSD  512GB,  podsvícená klávesnice,  USB 3.2 Gen 1,  USB-C, WiFi 6,  76 Wh baterie, Hmotnost 2,1 kg,  Windows 10 Home ",33490
OMEN by HP 15-dh0110nc Shadow Black,"Herní notebook - Intel Core i7 10750H Comet Lake,  15.6 IPS antireflexní 1920 × 1080 300Hz,  RAM  16GB DDR4,  NVIDIA GeForce RTX 2080 Super Max-Q 8GB,  SSD  1000GB,  podsvícená klávesnice,  USB 3.2 Gen 1,  USB-C, WiFi 5,  76 Wh baterie, Hmotnost 2 kg,  Windows 10 Home ",45990
OMEN by HP 15-dh0110nc Shadow Black,"Herní notebook - AMD Ryzen 5 5600H,  15.6 IPS antireflexní 1920 × 1080 144Hz,  RAM  16GB DDR4,  NVIDIA GeForce RTX 3050 Ti 4GB 95 W,  SSD  512GB, podsvícená RGB klávesnice,  USB 3.2 Gen 1,  USB-C, WiFi 6, Hmotnost 2,1 kg,  Windows 10 Home 4-Zone RGB, G513QE-HN029T ",31340
OMEN by HP 15-dh0110nc Shadow Black,"Herní notebook - AMD Ryzen 7 4800H,  15.6 IPS antireflexní 1920 × 1080 144Hz,  RAM  16GB DDR4,  NVIDIA GeForce N18P-G61-A 4GB,  SSD  512GB, podsvícená RGB klávesnice,  USB 3.2 Gen 1,  USB-C, WiFi 6, Hmotnost 2,5 kg,  Windows 10 Home ",23740
OMEN by HP 15-dh0110nc Shadow Black,"Herní notebook - AMD Ryzen 7 5800H,  15.6 IPS antireflexní 1920 × 1080 144Hz,  RAM  16GB DDR4,  NVIDIA GeForce RTX 3060 6GB 130 W,  SSD  1000GB, podsvícená RGB klávesnice,  USB 3.2 Gen 1,  USB-C, WiFi 6,  90 Wh baterie, Hmotnost 2,5 kg,  Windows 10 Home ",39890
OMEN by HP 15-dh0110nc Shadow Black,"Herní notebook - AMD Ryzen 7 5800H,  15.6 IPS antireflexní 1920 × 1080 300Hz,  RAM  16GB DDR4,  NVIDIA GeForce RTX 3080 8GB,  SSD  1000GB, podsvícená RGB klávesnice,  USB 3.2 Gen 1,  USB-C, WiFi 6,  90 Wh baterie, Hmotnost 2,5 kg,  Windows 10 Home, 3ms odezva klávesnice ",58891
OMEN by HP 15-dh0110nc Shadow Black,"Herní notebook - Intel Core i7 10750H Comet Lake,  17.3 IPS antireflexní 1920 × 1080 144Hz,  RAM  16GB DDR4,  NVIDIA GeForce RTX 2070 Super 8GB,  SSD  1000GB,  podsvícená klávesnice,  USB 3.2 Gen 1,  USB-C, WiFi 5, Hmotnost 2,85 kg,  Windows 10 Home G712LWS-EV003T ",51990
OMEN by HP 15-dh0110nc Shadow Black,"Herní notebook - Intel Core i7 9750H Coffee Lake,  15.6 IPS matný 1920 × 1080 120Hz,  RAM  16GB DDR4,  NVIDIA GeForce RTX 2060  6GB,  SSD  1000GB,  podsvícená klávesnice,  webkamera,  USB 3.2 Gen 1,  USB-C, WiFi 5,  4800 mAh baterie, Hmotnost 1,86 kg,  Windows 10 Home ",32291
MSI GE63 Raider RGB 9SE-836CZ kovový,"Herní notebook - Intel Core i7 9750H Coffee Lake,  15.6 IPS matný 1920 × 1080 144Hz,  RAM  16GB DDR4,  NVIDIA GeForce RTX 2060  6GB,  SSD  512GB  +  HDD  1TB 7200 ot/min,  numerická klávesnice,  podsvícená klávesnice,  webkamera,  USB 3.2 Gen 1,  USB 3.2 Gen 2,  USB-C,  WiFi 802.11ac,  6článková baterie 65 Wh,  Windows 10 Home ",37902
MSI GE63 Raider RGB 9SE-836CZ kovový,"Herní notebook - Intel Core i7 8750H Coffee Lake,  17.3 IPS 1920 × 1080 144Hz,  RAM  16GB DDR4,  NVIDIA GeForce RTX 2060  6GB,  SSD  512GB,  numerická klávesnice,  podsvícená klávesnice,  USB-C,  WiFi 802.11ac,  4článková baterie 82 mAh,  Windows 10 Home ",42492
MSI GE63 Raider RGB 9SE-836CZ kovový,"Herní notebook - Intel Core i7 9750H Coffee Lake,  17.3 IPS matný 1920 × 1080 144Hz,  RAM  16GB DDR4,  NVIDIA GeForce RTX 2070,  SSD  512GB  +  HDD  1TB 7200 ot/min,  numerická klávesnice,  podsvícená klávesnice,  webkamera,  USB 3.2 Gen 1,  USB 3.2 Gen 2,  USB-C,  WiFi 802.11ac,  6článková baterie 51 Wh,  Windows 10 Home ",44192
MSI GE63 Raider RGB 9SE-836CZ kovový,"Herní notebook - Intel Core i7 8750H Coffee Lake,  15.6 IPS 1920 × 1080 144Hz,  RAM  16GB DDR4,  NVIDIA GeForce RTX 2080 8GB,  SSD  256GB  +  HDD  1TB 7200 ot/min,  numerická klávesnice,  podsvícená klávesnice,  USB 3.2 Gen 2,  USB-C, WiFi 5,  51 Wh baterie,  Windows 10 Home ",45041
MSI GE63 Raider RGB 9SE-836CZ kovový,"Herní notebook - Intel Core i7 10750H Comet Lake,  17.3 IPS matný 1920 × 1080 144Hz,  RAM  16GB DDR4,  NVIDIA GeForce RTX 3060 6GB,  SSD  1000GB,  numerická klávesnice,  podsvícená klávesnice,  webkamera,  USB-C, WiFi 6,  51 Wh baterie, Hmotnost 2,3 kg,  Windows 10 Home ",37990
MSI GE63 Raider RGB 9SE-836CZ kovový,"Herní notebook - Intel Core i7 1185G7 Tiger Lake,  15.6 IPS matný 1920 × 1080 144Hz,  RAM  16GB DDR4,  NVIDIA GeForce RTX 2060 Max-Q 6GB,  SSD  512GB, podsvícená RGB klávesnice,  webkamera,  USB 3.2 Gen 1,  USB-C, WiFi 6,  52 Wh baterie, Hmotnost 1,69 kg,  Windows 10 Home ",35141
MSI GE63 Raider RGB 9SE-836CZ kovový,"Herní notebook - Intel Core i7 1185G7 Tiger Lake,  15.6 IPS matný 1920 × 1080 144Hz,  RAM  16GB DDR4,  NVIDIA GeForce GTX 1660 Ti Max-Q 6GB,  SSD  512GB, podsvícená RGB klávesnice,  webkamera,  USB-C, WiFi 6,  52 Wh baterie, Hmotnost 1,69 kg,  Windows 10 Home ",32290
MSI GE63 Raider RGB 9SE-836CZ kovový,"Herní notebook - Intel Core i7 8750H Coffee Lake,  17.3 IPS 1920 × 1080,  RAM  16GB DDR4,  NVIDIA GeForce GTX 1050 Ti Max-Q 4GB,  SSD  256GB  +  HDD  1TB,  numerická klávesnice,  podsvícená klávesnice,  webkamera,  USB-C,  WiFi 802.11ac,  3článková baterie 51 Wh,  Windows 10 Home ",29111
MSI GE63 Raider RGB 9SE-836CZ kovový,"Herní notebook - Intel Core i7 8750H Coffee Lake,  15.6 IPS matný 1920 × 1080 144Hz,  RAM  16GB DDR4,  NVIDIA GeForce GTX 1060 6GB,  SSD  512GB,  podsvícená klávesnice,  USB 3.2 Gen 1,  USB-C,  WiFi 802.11ac,  4článková baterie 82 Wh,  Windows 10 Home ",28791
MSI GE63 Raider RGB 9SE-836CZ kovový,"Herní notebook - Intel Core i7 8750H Coffee Lake,  15.6 IPS matný 1920 × 1080,  RAM  8GB DDR4,  NVIDIA GeForce GTX 1080 8GB,  SSD  128GB  +  HDD  1000GB 7200 ot/min,  numerická klávesnice,  podsvícená klávesnice,  webkamera,  USB 3.2 Gen 2,  USB-C,  WiFi 802.11ac,  8článková baterie 90 Wh,  Windows 10 Home ",38990
MSI GE63 Raider RGB 9SE-836CZ kovový,"Herní notebook - Intel Core i7 10750H Comet Lake,  17.3 IPS matný 1920 × 1080 144Hz,  RAM  16GB DDR4,  NVIDIA GeForce GTX 1660 Ti 6GB,  SSD  1000GB,  numerická klávesnice, podsvícená RGB klávesnice,  webkamera,  USB 3.2 Gen 1,  USB-C, WiFi 6,  51 Wh baterie, Hmotnost 2,6 kg,  Windows 10 Home ",36471
MSI GE63 Raider RGB 9SE-836CZ kovový,"Herní notebook - Intel Core i7 10750H Comet Lake,  17.3 IPS matný 1920 × 1080 144Hz,  RAM  16GB DDR4,  NVIDIA GeForce RTX 2060  6GB,  SSD  256GB  +  HDD  1TB,  numerická klávesnice,  podsvícená klávesnice,  webkamera,  USB 3.2 Gen 1,  USB-C, WiFi 6,  51 Wh baterie, Hmotnost 2,6 kg,  Windows 10 Home ",39890
MSI GE63 Raider RGB 9SE-836CZ kovový,"Notebook - Intel Core i7 10875H Comet Lake,  dotykový 15.6 IPS matný 1920 × 1080,  RAM  16GB DDR4,  NVIDIA GeForce RTX 2060  6GB,  SSD  1000GB,  podsvícená klávesnice,  webkamera,  USB 3.2 Gen 1,  USB-C,  čtečka otisků prstů, WiFi 6,  99,9 Wh baterie, Hmotnost 2,1 kg,  Windows 10 Pro ",47992
MSI GE63 Raider RGB 9SE-836CZ kovový,"Ultrabook - Intel Core i7 1185G7 Tiger Lake,  14 IPS matný 1920 × 1080,  RAM  16GB LPDDR4X,  NVIDIA GeForce GTX 1650 Max-Q 4GB,  SSD  1000GB,  podsvícená klávesnice,  webkamera,  USB-C,  čtečka otisků prstů, WiFi 6,  52 Wh baterie, Hmotnost 1,29 kg,  Windows 10 Home  (GDDR6) ",35990
MSI GE63 Raider RGB 9SE-836CZ kovový,"Ultrabook - Intel Core i7 1185G7 Tiger Lake,  dotykový 15.6 IPS lesklý 1920 × 1080,  RAM  16GB DDR4,  NVIDIA GeForce GTX 1650 Ti Max-Q 4GB,  SSD  1000GB,  podsvícená klávesnice,  webkamera,  USB 3.2 Gen 2,  USB-C,  čtečka otisků prstů, WiFi 6,  82 Wh baterie, Hmotnost 1,79 kg,  Windows 10 Pro ",43691
MSI GE63 Raider RGB 9SE-836CZ kovový,"Notebook - Intel Core i7 10750H Comet Lake,  17.3 IPS matný 1920 × 1080 240Hz,  RAM  16GB DDR4,  NVIDIA GeForce RTX 3070 8GB 140 W,  SSD  1000GB,  numerická klávesnice, podsvícená RGB klávesnice,  webkamera,  USB-C, WiFi 6,  65 Wh baterie, Hmotnost 2,9 kg,  Windows 10 Home ",46540
MSI GE63 Raider RGB 9SE-836CZ kovový,"Herní notebook - Intel Core i7 10870H Comet Lake,  15.6 IPS matný 1920 × 1080 240Hz,  RAM  16GB DDR4,  NVIDIA GeForce RTX 3060 6GB,  SSD  1000GB, podsvícená RGB klávesnice,  webkamera,  USB 3.2 Gen 1,  USB-C, WiFi 6,  65 Wh baterie, Hmotnost 2,38 kg,  Windows 10 Home ",49391
MSI GE63 Raider RGB 9SE-836CZ kovový,"Herní notebook - Intel Core i9 10980HK Comet Lake,  15.6 IPS matný 1920 × 1080 300Hz,  RAM  32GB DDR4,  NVIDIA GeForce RTX 3080 16GB,  SSD  2000GB, podsvícená RGB klávesnice,  webkamera,  USB-C, WiFi 6,  99,9 Wh baterie, Hmotnost 2,38 kg,  Windows 10 Home ",87391
MSI GE63 Raider RGB 9SE-836CZ kovový,"Herní notebook - AMD Ryzen 7 4800H,  15.6 IPS matný 1920 × 1080 144Hz,  RAM  16GB DDR4,  NVIDIA GeForce GTX 1650 Ti 4GB,  SSD  1000GB,  podsvícená klávesnice,  USB 3.2 Gen 1,  USB-C, WiFi 6, Hmotnost 2,4 kg,  Windows 10 Home, HDD upgrade kit (AN515-44-R69C) ",28491
MSI GE63 Raider RGB 9SE-836CZ kovový,"Herní notebook - AMD Ryzen 5 4600H,  15.6 IPS matný 1920 × 1080 144Hz,  RAM  8GB DDR4,  NVIDIA GeForce GTX 1650 Ti 4GB,  SSD  1000GB,  podsvícená klávesnice,  USB 3.2 Gen 1,  USB-C, WiFi 6, Hmotnost 2,4 kg,  Windows 10 Home, HDD upgrade kit (AN515-44-R6TE) ",22790
MSI GE63 Raider RGB 9SE-836CZ kovový,"Herní notebook - Intel Core i7 10750H Comet Lake,  15.6 IPS matný 1920 × 1080 144Hz,  RAM  8GB DDR4,  NVIDIA GeForce RTX 3060 6GB 95 W,  SSD  512GB,  numerická klávesnice, podsvícená RGB klávesnice,  webkamera,  USB 3.2 Gen 1,  USB-C, WiFi 6, Hmotnost 2,3 kg,  Linux (AN515-55-73FG) ",26591
MSI GE63 Raider RGB 9SE-836CZ kovový,"Herní notebook - Intel Core i5 10300H Comet Lake,  17.3 IPS matný 1920 × 1080 120Hz,  RAM  8GB DDR4,  NVIDIA GeForce RTX 3060 6GB 95 W,  SSD  512GB,  numerická klávesnice, podsvícená RGB klávesnice,  webkamera,  USB 3.2 Gen 1,  USB-C, WiFi 6,  57 Wh baterie, Hmotnost 2,7 kg,  Windows 10 Home (AN517-52-545V) ",28491
MSI GE63 Raider RGB 9SE-836CZ kovový,"Herní notebook - Intel Core i5 10300H Comet Lake,  17.3 IPS matný 1920 × 1080 144Hz,  RAM  16GB DDR4,  NVIDIA GeForce GTX 1650 Ti 4GB,  SSD  1000GB,  podsvícená klávesnice,  USB 3.2 Gen 1,  USB-C, WiFi 6,  57 Wh baterie, Hmotnost 2,2 kg,  Windows 10 Home, HDD upgrade kit (AN517-52-50ZU) ",27541
MSI GE63 Raider RGB 9SE-836CZ kovový,"Herní notebook - Intel Core i7 9750H Coffee Lake,  17.3 IPS matný 1920 × 1080,  RAM  16GB DDR4,  NVIDIA GeForce GTX 1660 Ti 6GB,  SSD  512GB  +  HDD  1TB 7200 ot/min,  numerická klávesnice,  podsvícená klávesnice,  webkamera,  USB 3.2 Gen 1,  USB-C,  WiFi 802.11ac,  4článková baterie 3815 mAh,  Windows 10 Home (PH317-53-74W8) ",36531
Acer Predator Helios 300 Abyssal Black kovový,"Herní notebook - Intel Core i7 9750H Coffee Lake,  17.3 IPS matný 1920 × 1080 144Hz,  RAM  16GB DDR4,  NVIDIA GeForce RTX 2070 Max-Q 8GB,  SSD  1024GB,  numerická klávesnice,  podsvícená klávesnice,  webkamera,  USB 3.2 Gen 1,  USB-C,  WiFi 802.11ac,  4článková baterie 59 Wh,  HDD upgrade kit,  Windows 10 Home (PH317-53-787G)",42492
Acer Predator Helios 300 Abyssal Black kovový,"Herní notebook - Intel Core i7 10750H Comet Lake,  15.6 IPS matný 1920 × 1080 240Hz,  RAM  32GB DDR4-SDRAM,  NVIDIA GeForce RTX 2070 8GB,  SSD  1000GB,  numerická klávesnice,  podsvícená klávesnice,  webkamera,  USB 3.2 Gen 1,  USB-C, WiFi 6,  WiFi,  Bluetooth, Hmotnost 2 kg,  Windows 10 Home (PT315-52-70YT) ",40990
Acer Predator Helios 300 Abyssal Black kovový,"Herní notebook - Intel Core i7 9750H Coffee Lake, 15.6 LED 1920x1080 IPS 144Hz G-Sync ComfyView, RAM 16GB DDR4, NVIDIA GeForce RTX 2070 8GB, PCIe SSD 2x512GB, WiFI 802.11ac, Killer DoubleShot Pro, Bluetooth, HD webkamera, HDMI, USB-C Thunderbolt 3, čtečka karet, RGB podsvícená klávesnice, Metal AeroBlade 3D, Windows 10 Home 64bit (PT515-51-75VL)",39752
Acer Predator Helios 300 Abyssal Black kovový,"Herní notebook - Intel Core i7 10870H Comet Lake,  17.3 IPS antireflexní 1920 × 1080 300Hz,  RAM  16GB DDR4,  NVIDIA GeForce RTX 3060 6GB 105 W,  SSD  1000GB,  numerická klávesnice, podsvícená RGB klávesnice,  webkamera,  USB 3.2 Gen 1,  USB-C,  čtečka otisků prstů, WiFi 6,  94 Wh baterie, Hmotnost 2,5 kg,  Windows 10 Home ",48440
Acer Predator Helios 300 Abyssal Black kovový,"Herní notebook - Intel Core i7 10870H Comet Lake,  15.6 IPS antireflexní 1920 × 1080 240Hz,  RAM  32GB DDR4,  NVIDIA GeForce RTX 3070 8GB 105 W,  SSD  512GB,  numerická klávesnice, podsvícená RGB klávesnice,  webkamera,  USB 3.2 Gen 1,  USB-C, WiFi 6, Hmotnost 2 kg,  Windows 10 Home ",50151
Acer Predator Helios 300 Abyssal Black kovový,"Herní notebook - Intel Core i5 10500H Comet Lake,  15.6 IPS antireflexní 1920 × 1080 144Hz,  RAM  16GB DDR4,  NVIDIA GeForce RTX 3060 6GB,  SSD  512GB,  numerická klávesnice, podsvícená RGB klávesnice,  webkamera,  USB 3.2 Gen 1,  USB 3.2 Gen 2, WiFi 6,  48,96 Wh baterie, Hmotnost 2,2 kg,  Bez operačního systému ",30931
Acer Predator Helios 300 Abyssal Black kovový,"Notebook - Intel Core i7 10750H Comet Lake,  15.6 IPS antireflexní 3840 × 2160,  RAM  16GB DDR4,  NVIDIA GeForce GTX 1650 Ti Max-Q 4GB,  SSD  1000GB,  podsvícená klávesnice,  webkamera,  USB 3.2 Gen 1,  USB-C,  čtečka otisků prstů, WiFi 6, LTE,  80 Wh baterie, Hmotnost 1,7 kg,  Windows 10 Pro (NBD) ",86440
Acer Predator Helios 300 Abyssal Black kovový,"Herní notebook - Intel Core i7 10875H Comet Lake,  15.6 IPS antireflexní 1920 × 1080 144Hz,  RAM  16GB DDR4,  NVIDIA GeForce RTX 2070 Super Max-Q 8GB,  SSD  1000GB,  numerická klávesnice,  podsvícená klávesnice,  webkamera,  USB 3.2 Gen 1,  USB-C, WiFi 6,  80 Wh baterie, Hmotnost 2,25 kg,  Windows 10 Home (NBD) ",51990
Acer Predator Helios 300 Abyssal Black kovový,"Herní notebook - AMD Ryzen 7 4800H,  15.6 IPS antireflexní 1920 × 1080 144Hz,  RAM  16GB DDR4,  NVIDIA GeForce RTX 2060  6GB,  SSD  1000GB,  podsvícená klávesnice,  webkamera,  USB 3.2 Gen 1,  USB-C, WiFi 6, Hmotnost 2,46 kg,  Bez operačního systému ",24561
Acer Predator Helios 300 Abyssal Black kovový,"Herní notebook - Intel Core i5 9300H Coffee Lake,  15.6 IPS antireflexní 1920 × 1080,  RAM  8GB DDR4,  NVIDIA GeForce RTX 2060  6GB,  SSD  512GB,  numerická klávesnice,  podsvícená klávesnice,  webkamera,  USB-C, WiFi 5,  57 Wh baterie, Hmotnost 2,3 kg,  Bez operačního systému ",22990
Acer Predator Helios 300 Abyssal Black kovový,"Herní notebook - AMD Ryzen 5 4600H,  15.6 IPS antireflexní 1920 × 1080,  RAM  8GB DDR4,  NVIDIA GeForce GTX 1650 4GB,  SSD  256GB,  numerická klávesnice,  podsvícená klávesnice,  webkamera,  USB 3.2 Gen 1,  USB-C, WiFi 5, Hmotnost 2,2 kg,  Bez operačního systému ",16046
Acer Predator Helios 300 Abyssal Black kovový,"Notebook - Intel Core i7 10875H Comet Lake,  15.6 IPS antireflexní 1920 × 1080 144Hz,  RAM  32GB DDR4,  NVIDIA GeForce RTX 2060  6GB,  SSD  1000GB,  numerická klávesnice, podsvícená RGB klávesnice,  webkamera,  USB 3.2 Gen 1,  USB-C, WiFi 6, Hmotnost 2,25 kg,  Windows 10 Pro (NBD) ",47490
Acer Predator Helios 300 Abyssal Black kovový,"Notebook - Intel Core i7 10875H Comet Lake,  15.6 IPS antireflexní 1920 × 1080 144Hz,  RAM  32GB DDR4,  NVIDIA GeForce RTX 2060  6GB,  SSD  1000GB,  numerická klávesnice, podsvícená RGB klávesnice,  webkamera,  USB 3.2 Gen 1,  USB-C, WiFi 6, Hmotnost 2,25 kg,  Windows 10 Pro (NBD) ",45990
Acer Predator Helios 300 Abyssal Black kovový,"Herní notebook - Intel Core i7 10750H Comet Lake,  17.3 IPS antireflexní 1920 × 1080 144Hz,  RAM  16GB DDR4,  NVIDIA GeForce GTX 1660 Ti 6GB,  SSD  512GB  +  HDD  1TB,  numerická klávesnice,  podsvícená klávesnice,  webkamera,  USB 3.2 Gen 1,  USB-C, WiFi 5,  52,5 Wh baterie, Hmotnost 2,74 kg,  Windows 10 Home (20C94EA) ",35990
Acer Predator Helios 300 Abyssal Black kovový,"Tablet PC - Intel Core i7 10750H Comet Lake,  dotykový 15.6 IPS antireflexní 3840 × 2160,  RAM  16GB DDR4,  NVIDIA GeForce GTX 1650 Ti Max-Q 4GB,  SSD  512GB + Intel Optane 32GB,  numerická klávesnice,  podsvícená klávesnice,  webkamera,  USB 3.2 Gen 1,  USB-C,  čtečka otisků prstů, stylus, WiFi 6,  7290 mAh baterie, Hmotnost 2,04 kg,  Windows 10 Pro (1N7P9EA) ",52990
Acer Predator Helios 300 Abyssal Black kovový,"Herní notebook - Intel Core i7 10750H Comet Lake,  15.6 IPS matný 1920 × 1080 300Hz,  RAM  16GB DDR4,  NVIDIA GeForce RTX 2060  6GB,  SSD  1000GB,  numerická klávesnice,  podsvícená klávesnice,  webkamera,  USB 3.2 Gen 1,  čtečka otisků prstů, WiFi 6,  5965 mAh baterie, Hmotnost 2,65 kg,  Windows 10 Home (NBD) ",40990
Acer Predator Helios 300 Abyssal Black kovový,"Ultrabook - Intel Core i7 1185G7 Tiger Lake,  14 IPS matný 1920 × 1080,  RAM  16GB LPDDR4X,  NVIDIA GeForce GTX 1650 Max-Q 4GB,  SSD  1000GB,  podsvícená klávesnice,  webkamera,  USB-C,  čtečka otisků prstů, WiFi 6,  52 Wh baterie, Hmotnost 1,29 kg,  Windows 10 Home  (GDDR6) ",39990
Acer Predator Helios 300 Abyssal Black kovový,"Notebook - Intel Core i5 10300H Comet Lake,  15.6 IPS antireflexní 1920 × 1080 144Hz,  RAM  16GB DDR4,  NVIDIA GeForce GTX 1650 4GB,  SSD  512GB,  numerická klávesnice,  podsvícená klávesnice,  webkamera,  USB 3.2 Gen 1,  USB-C, WiFi 6, Hmotnost 2,2 kg,  Windows 10 Home (NBD) ",25989
Acer Predator Helios 300 Abyssal Black kovový,"Herní notebook - Intel Core i5 10300H Comet Lake,  15.6 IPS antireflexní 1920 × 1080 144Hz,  RAM  16GB DDR4,  NVIDIA GeForce GTX 1650 Ti 4GB,  SSD  1000GB,  numerická klávesnice,  podsvícená klávesnice,  webkamera,  USB 3.2 Gen 1,  USB-C, WiFi 6, Hmotnost 2,3 kg,  Windows 10 Home 1 Zone RGB, MIL-STD 810G ",27990
Acer Predator Helios 300 Abyssal Black kovový,"Herní notebook - Intel Core i7 10750H Comet Lake,  15.6 IPS matný 1920 × 1080 144Hz,  RAM  16GB DDR4,  NVIDIA GeForce GTX 1660 Ti Max-Q 6GB,  SSD  256GB  +  HDD  1TB,  numerická klávesnice,  podsvícená klávesnice,  webkamera,  USB 3.2 Gen 1,  USB-C, WiFi 6,  5250 mAh baterie, Hmotnost 2,25 kg,  Windows 10 Home (20C61EA) ",31990
Acer Predator Helios 300 Abyssal Black kovový,"Herní notebook - Intel Core i7 10750H Comet Lake,  15.6 IPS matný 1920 × 1080 144Hz,  RAM  16GB DDR4,  NVIDIA GeForce RTX 2060 Max-Q 6GB,  SSD  256GB  +  HDD  1TB,  numerická klávesnice,  podsvícená klávesnice,  webkamera,  USB 3.2 Gen 1,  USB-C, WiFi 6,  52,5 Wh baterie, Hmotnost 2,25 kg,  Windows 10 Home (20C62EA) ",33990
Acer Predator Helios 300 Abyssal Black kovový,"Herní notebook - Intel Core i9 10980HK Comet Lake,  15.6 OLED matný 3840 × 2160,  RAM  64GB DDR4,  NVIDIA GeForce RTX 3080 8GB 105 W,  SSD  2000GB,  numerická klávesnice, podsvícená RGB klávesnice,  webkamera,  USB 3.2 Gen 1,  USB-C,  čtečka otisků prstů, WiFi 6,  94 Wh baterie, Hmotnost 2 kg,  Windows 10 Pro ",89490
Acer Predator Helios 300 Abyssal Black kovový,"Ultrabook - Intel Core i7 10750H Comet Lake,  dotykový 15.6 IPS lesklý 3840 × 2400,  RAM  16GB DDR4,  NVIDIA GeForce GTX 1650 Ti 4GB,  SSD  1000GB,  podsvícená klávesnice,  webkamera,  USB-C,  čtečka otisků prstů, WiFi 6,  7544 mAh baterie, Hmotnost 2,05 kg,  Windows 10 Pro (NBD) ",70990
Acer Predator Helios 300 Abyssal Black kovový,"Herní notebook - AMD Ryzen 7 4800H,  15.6 IPS antireflexní 1920 × 1080 144Hz,  RAM  16GB DDR4,  NVIDIA GeForce GTX 1660 Ti 6GB,  SSD  512GB,  podsvícená klávesnice,  webkamera,  USB 3.2 Gen 1,  USB-C, WiFi 6,  70,9 Wh baterie, Hmotnost 2,46 kg,  Windows 10 Home (1X2G2EA) ",33990
MSI Stealth 15M A11SDK-041CZ celokovový,"Herní notebook - Intel Core i7 1185G7 Tiger Lake,  15.6 IPS matný 1920 × 1080 144Hz,  RAM  16GB DDR4,  NVIDIA GeForce GTX 1660 Ti Max-Q 6GB,  SSD  512GB, podsvícená RGB klávesnice,  webkamera,  USB-C, WiFi 6,  52 Wh baterie, Hmotnost 1,69 kg,  Windows 10 Home ",33990
MSI Stealth 15M A11SDK-041CZ celokovový,"Herní notebook - Intel Core i7 10870H Comet Lake,  17.3 IPS antireflexní 1920 × 1080 300Hz,  RAM  32GB DDR4,  NVIDIA GeForce RTX 3070 8GB 105 W,  SSD  512GB,  numerická klávesnice, podsvícená RGB klávesnice,  webkamera,  USB 3.2 Gen 1,  USB-C,  čtečka otisků prstů, WiFi 6,  99 Wh baterie, Hmotnost 2,7 kg,  Windows 10 Home ",58690
MSI Stealth 15M A11SDK-041CZ celokovový,"Herní notebook - Intel Core i7 9750H Coffee Lake,  15.6 IPS matný 1920 × 1080 120Hz,  RAM  16GB DDR4,  NVIDIA GeForce GTX 1660 Ti 6GB,  SSD  1000GB,  numerická klávesnice,  podsvícená klávesnice,  webkamera,  USB-C,  4článková baterie 55 Wh,  HDD upgrade kit,  Windows 10 Home (AN515-54-7386)",36590
MSI Stealth 15M A11SDK-041CZ celokovový,"Notebook - Intel Core i7 10750H Comet Lake,  15.6 IPS antireflexní 3840 × 2160,  RAM  16GB DDR4,  NVIDIA GeForce GTX 1650 Ti Max-Q 4GB,  SSD  1000GB,  numerická klávesnice,  webkamera,  USB 3.2 Gen 1,  USB-C,  čtečka otisků prstů, WiFi 6, Hmotnost 1,9 kg,  Windows 10 Pro ",46990
MSI Stealth 15M A11SDK-041CZ celokovový,"Herní notebook - Intel Core i7 10750H Comet Lake,  15.6 IPS matný 1920 × 1080 144Hz,  RAM  32GB DDR4,  NVIDIA GeForce RTX 2060  6GB,  SSD  1000GB,  podsvícená klávesnice,  webkamera,  USB 3.2 Gen 1,  USB-C, WiFi 6,  7,9 Wh baterie, Hmotnost 2,46 kg,  Windows 10 Home (1X2E3EA) ",42990
MSI Stealth 15M A11SDK-041CZ celokovový,"Herní notebook - Intel Core i7 10750H Comet Lake,  15.6 IPS matný 1920 × 1080 144Hz,  RAM  16GB DDR4,  NVIDIA GeForce RTX 2070 Max-Q 8GB,  SSD  512GB,  podsvícená klávesnice,  webkamera,  USB 3.2 Gen 1,  USB-C, WiFi 6,  70,9 Wh baterie, Hmotnost 2,46 kg,  Windows 10 Home (1X2E1EA) ",38990
MSI Stealth 15M A11SDK-041CZ celokovový,"Herní notebook - Intel Core i7 9750H Coffee Lake,  15.6 IPS matný 1920 × 1080 144Hz,  RAM  16GB DDR4,  NVIDIA GeForce GTX 1660 Ti Max-Q 6GB,  SSD  256GB  +  HDD  1TB 5400 ot/min,  numerická klávesnice,  podsvícená klávesnice,  webkamera,  USB 3.2 Gen 1,  USB-C,  čtečka otisků prstů, WiFi 5,  51 Wh baterie, Hmotnost 2,34 kg,  Windows 10 Home (NBD) ",29990
MSI Stealth 15M A11SDK-041CZ celokovový,"Herní notebook - Intel Core i7 10750H Comet Lake,  15.6 IPS antireflexní 1920 × 1080 300Hz,  RAM  16GB DDR4,  NVIDIA GeForce RTX 2080 Super Max-Q 8GB,  SSD  1000GB,  podsvícená klávesnice,  USB 3.2 Gen 1,  USB-C, WiFi 5,  76 Wh baterie, Hmotnost 2 kg,  Windows 10 Home ",54990
MSI Stealth 15M A11SDK-041CZ celokovový,"Ultrabook - Intel Core i7 10875H Comet Lake,  17 IPS lesklý 3840 × 2400,  RAM  32GB DDR4,  NVIDIA GeForce RTX 2060 Max-Q 6GB,  SSD  1000GB,  podsvícená klávesnice,  webkamera,  čtečka otisků prstů, WiFi 6,  97 Wh baterie, Hmotnost 2,53 kg,  Windows 10 Pro (NBD) ",94990
MSI Stealth 15M A11SDK-041CZ celokovový,"Notebook - Intel Core i7 10750H Comet Lake,  15.6 IPS antireflexní 1920 × 1080,  RAM  16GB DDR4,  NVIDIA GeForce GTX 1650 Ti Max-Q 4GB,  SSD  512GB,  podsvícená klávesnice,  webkamera,  USB 3.2 Gen 1,  USB-C,  čtečka otisků prstů, WiFi 6, Hmotnost 1,7 kg,  Windows 10 Pro (NBD) ",77990
MSI Stealth 15M A11SDK-041CZ celokovový,"Ultrabook - Intel Core i7 10750H Comet Lake,  15.6 IPS antireflexní 1920 × 1200,  RAM  16GB DDR4,  NVIDIA GeForce GTX 1650 Ti 4GB,  SSD  1000GB,  podsvícená klávesnice,  webkamera,  USB-C,  čtečka otisků prstů, WiFi 6,  7544 mAh baterie, Hmotnost 2,05 kg,  Windows 10 Pro (NBD) ",59990
MSI Stealth 15M A11SDK-041CZ celokovový,"Tablet PC - Intel Core i7 1065G7 Ice Lake,  dotykový 13.5 IPS 3000 × 2000,  RAM  32GB LPDDR4X,  NVIDIA GeForce GTX 1650 Max-Q 4GB,  SSD 512GB,  podsvícená klávesnice,  webkamera,  USB 3.2 Gen 1,  USB-C, WiFi 6,  7640 mAh baterie, Hmotnost 1,53 kg,  Windows 10 Home ",74990
MSI Stealth 15M A11SDK-041CZ celokovový,"Notebook - Intel Core i7 10750H Comet Lake,  15.6 IPS antireflexní 3840 × 2160,  RAM  16GB DDR4,  NVIDIA GeForce GTX 1050 3GB,  SSD  512GB,  numerická klávesnice,  podsvícená klávesnice,  webkamera,  USB 3.2 Gen 1,  USB-C,  čtečka otisků prstů, WiFi 6, LTE, Hmotnost 2,07 kg,  Windows 10 Pro ",61390
MSI Stealth 15M A11SDK-041CZ celokovový,"Notebook - Intel Core i7 9750HF Coffee Lake,  17 IPS matný 1920 × 1200,  RAM  16GB DDR4,  NVIDIA GeForce RTX 2060  6GB,  SSD  1000GB,  podsvícená klávesnice,  webkamera,  USB 3.2 Gen 1,  USB-C,  čtečka otisků prstů, WiFi 6,  57 Wh baterie, Hmotnost 2,39 kg,  Windows 10 Home H700GV-AV075T ",43990
MSI Stealth 15M A11SDK-041CZ celokovový,"Tablet PC - Intel Core i7 1065G7 Ice Lake,  dotykový 13.5 IPS 3000 × 2000,  RAM  16GB LPDDR4X,  NVIDIA GeForce GTX 1650 Max-Q 4GB,  SSD 256GB,  podsvícená klávesnice,  webkamera,  USB 3.2 Gen 1,  USB-C, WiFi 6,  7640 mAh baterie, Hmotnost 1,53 kg,  Windows 10 Home ",61989
MSI Stealth 15M A11SDK-041CZ celokovový,"Herní notebook - Intel Core i7 10750H Comet Lake,  15.6 antireflexní 1920 × 1080 300Hz,  RAM  16GB DDR4,  NVIDIA GeForce RTX 2070 Max-Q 8GB,  SSD  1000GB,  numerická klávesnice,  podsvícená klávesnice,  webkamera,  USB 3.2 Gen 1,  USB 3.2 Gen 2,  čtečka otisků prstů, WiFi 6,  5965 mAh baterie, Hmotnost 2,65 kg,  Windows 10 Pro (NBD) ",48990
MSI Stealth 15M A11SDK-041CZ celokovový,"Herní notebook - Intel Core i7 10870H Comet Lake,  15.6 IPS matný 1920 × 1080 240Hz,  RAM  16GB DDR4,  NVIDIA GeForce RTX 3060 6GB,  SSD  1000GB, podsvícená RGB klávesnice,  webkamera,  USB 3.2 Gen 1,  USB-C, WiFi 6,  65 Wh baterie, Hmotnost 2,38 kg,  Windows 10 Home ",51990
MSI Stealth 15M A11SDK-041CZ celokovový,"Herní notebook - Intel Core i7 10870H Comet Lake,  17.3 IPS antireflexní 1920 × 1080 144Hz,  RAM  16GB DDR4,  NVIDIA GeForce RTX 2060 Max-Q 6GB,  SSD  1000GB,  numerická klávesnice,  podsvícená klávesnice,  webkamera,  USB 3.2 Gen 1,  USB-C, WiFi 6,  52,5 Wh baterie, Hmotnost 2,74 kg,  Windows 10 Home (3Z7P9EA) ",39990
MSI Stealth 15M A11SDK-041CZ celokovový,"Herní notebook - Intel Core i7 10875H Comet Lake,  17.3 IPS antireflexní 1920 × 1080 144Hz,  RAM  16GB DDR4,  NVIDIA GeForce RTX 2070 8GB,  SSD  1000GB,  numerická klávesnice,  podsvícená klávesnice,  USB 3.2 Gen 1,  USB-C, WiFi 6,  66 Wh baterie, Hmotnost 2,83 kg,  Windows 10 Home 3ms odezva, 4-Zone RGB, chlazení pomocí tekutého kovu  ",50990
MSI Stealth 15M A11SDK-041CZ celokovový,"Notebook - Intel Core i7 10750H Comet Lake,  15.6 IPS antireflexní 1920 × 1080,  RAM  16GB DDR4,  NVIDIA GeForce GTX 1650 4GB,  SSD  1000GB,  numerická klávesnice,  podsvícená klávesnice,  webkamera,  USB 3.2 Gen 1,  USB-C, WiFi 6,  97 Wh baterie, Hmotnost 1,9 kg,  Windows 10 Pro (NBD) ",39990
MSI Stealth 15M A11SDK-041CZ celokovový,"Herní notebook - Intel Core i5 10300H Comet Lake,  15.6 IPS matný 1920 × 1080 120Hz,  RAM  8GB DDR4,  NVIDIA GeForce GTX 1650 Ti 4GB,  SSD  512GB,  numerická klávesnice,  podsvícená klávesnice,  webkamera,  USB 3.2 Gen 1,  USB-C,  čtečka otisků prstů, WiFi 5,  68 Wh baterie, Hmotnost 2,55 kg,  Windows 10 Home (NBD) ",28990
MSI Stealth 15M A11SDK-041CZ celokovový,"Herní notebook - Intel Core i7 10750H Comet Lake,  17.3 IPS matný 1920 × 1080 144Hz,  RAM  16GB DDR4,  NVIDIA GeForce RTX 2070 Super 8GB,  SSD  512GB  +  HDD  1TB,  numerická klávesnice,  podsvícená klávesnice,  webkamera,  USB 3.2 Gen 1,  USB-C, WiFi 6,  7000 mAh baterie, Hmotnost 3,3 kg,  Windows 10 Home (1X2K9EA) ",47990
MSI Stealth 15M A11SDK-041CZ celokovový,"Tablet PC - Intel Core i7 10875H Comet Lake,  15.6 IPS matný 3840 × 2160,  RAM  32GB DDR4-SDRAM,  NVIDIA GeForce RTX 2080 Super 8GB,  SSD  2000GB,  numerická klávesnice,  podsvícená klávesnice,  webkamera,  USB 3.2 Gen 1,  USB-C,  čtečka otisků prstů, stylus, WiFi 6, Hmotnost 2,5 kg,  Windows 10 Pro (CC715-71-79TB) ",99990
Acer ConceptD 7 White celokovový,"Notebook - Intel Core i7 10875H Comet Lake,  15.6 IPS matný 3840 × 2160,  RAM  32GB DDR4,  NVIDIA GeForce RTX 2080 Super 8GB,  SSD  1000GB,  podsvícená klávesnice,  webkamera,  USB-C, WiFi 6,  84 Wh baterie, Hmotnost 2,1 kg,  Windows 10 Pro (CN715-72G-79P8) ",89990
Acer ConceptD 7 White celokovový,"Tablet PC - Intel Core i7 10750H Comet Lake,  15.6 IPS matný 1920 × 1080,  RAM  16GB DDR4,  NVIDIA GeForce GTX 1650 4GB,  SSD  512GB,  podsvícená klávesnice,  USB 3.2 Gen 1,  USB-C,  čtečka otisků prstů, WiFi 6, Hmotnost 2,2 kg,  Windows 10 Pro (CC315-72G-7875) ",47990
Acer ConceptD 7 White celokovový,"Notebook - Intel Core i7 10750H Comet Lake,  14 IPS matný 1920 × 1080,  RAM  16GB DDR4,  NVIDIA GeForce GTX 1650 Ti 4GB,  SSD  1000GB,  podsvícená klávesnice,  USB 3.2 Gen 1,  USB-C,  čtečka otisků prstů, WiFi 6, Hmotnost 1,5 kg,  Windows 10 Pro (CN314-72G-70RF) ",44990
Acer ConceptD 7 White celokovový,"Notebook - Intel Core i7 9750H Coffee Lake,  17.3 IPS matný 3840 × 2160,  RAM  16GB DDR4,  NVIDIA GeForce RTX 2060  6GB,  SSD  1000GB,  numerická klávesnice,  podsvícená klávesnice,  webkamera,  USB 3.2 Gen 1,  USB-C, WiFi 6,  3815 mAh baterie, Hmotnost 2,83 kg,  Windows 10 Pro, HDD upgrade kit (CN517-71-79S7) ",64990
Acer ConceptD 7 White celokovový,"Herní notebook - Intel Core i7 10870H Comet Lake,  15.6 IPS antireflexní 1920 × 1080 300Hz,  RAM  32GB DDR4,  NVIDIA GeForce RTX 3070 8GB,  SSD  1000GB,  podsvícená klávesnice,  webkamera,  USB 3.2 Gen 1, WiFi 6, Hmotnost 2,1 kg,  Windows 10 Home (NBD), port grafického akcelerátoru ",75990
Acer ConceptD 7 White celokovový,"Herní notebook - AMD Ryzen 7 5800H,  15.6 IPS antireflexní 1920 × 1080 300Hz,  RAM  16GB DDR4,  NVIDIA GeForce RTX 3080 16GB,  SSD  1000GB,  podsvícená klávesnice,  USB 3.2 Gen 1, WiFi 6,  90 Wh baterie, Hmotnost 2,3 kg,  Windows 10 Home ",78990
Acer ConceptD 7 White celokovový,"Ultrabook - Intel Core i7 10750H Comet Lake,  17 IPS antireflexní 1920 × 1200,  RAM  16GB DDR4,  NVIDIA GeForce GTX 1650 Ti 4GB,  SSD  1000GB,  podsvícená klávesnice,  webkamera,  čtečka otisků prstů, WiFi 6,  97 Wh baterie, Hmotnost 2,53 kg,  Windows 10 Pro (NBD) ",70990
Acer ConceptD 7 White celokovový,"Notebook - Intel Core i7 10750H Comet Lake,  dotykový 15.6 IPS matný 1920 × 1080,  RAM  16GB DDR4,  NVIDIA GeForce GTX 1660 Ti Max-Q 6GB,  SSD  512GB,  podsvícená klávesnice,  webkamera,  USB 3.2 Gen 1,  USB-C,  čtečka otisků prstů, WiFi 6,  99,9 Wh baterie, Hmotnost 2,1 kg,  Windows 10 Home ",49990
Acer ConceptD 7 White celokovový,"Herní notebook - Intel Core i7 9750H Coffee Lake,  15.6 IPS lesklý 1920 × 1080,  RAM  16GB DDR4,  NVIDIA GeForce RTX 2060  6GB,  SSD  1000GB,  podsvícená klávesnice,  webkamera,  USB 3.2 Gen 1,  USB 3.2 Gen 2,  USB-C, WiFi 5,  82 Wh baterie, Hmotnost 1,9 kg,  Windows 10 Home ",45990
Acer ConceptD 7 White celokovový,"Ultrabook - Intel Core i7 1185G7 Tiger Lake,  dotykový 15.6 IPS lesklý 1920 × 1080,  RAM  16GB DDR4,  NVIDIA GeForce GTX 1650 Ti Max-Q 4GB,  SSD  1000GB,  podsvícená klávesnice,  webkamera,  USB 3.2 Gen 2,  USB-C,  čtečka otisků prstů, WiFi 6,  82 Wh baterie, Hmotnost 1,79 kg,  Windows 10 Pro ",45990
Acer ConceptD 7 White celokovový,"Herní notebook - Intel Core i9 10980HK Comet Lake,  15.6 VA matný 1920 × 1080 300Hz,  RAM  32GB DDR4,  NVIDIA GeForce RTX 2080 Super 8GB,  SSD  2000GB,  podsvícená klávesnice,  webkamera,  USB 3.2 Gen 1,  USB-C, WiFi 6,  7544 mAh baterie, Hmotnost 2,11 kg,  Windows 10 Home (NBD) ",85990
Acer ConceptD 7 White celokovový,"Herní notebook - AMD Ryzen 7 4800HS,  14 IPS matný 1920 × 1080 120Hz,  RAM  16GB DDR4,  NVIDIA GeForce GTX 1660 Ti Max-Q 6GB,  SSD  1000GB,  podsvícená klávesnice,  USB 3.2 Gen 1,  USB-C,  čtečka otisků prstů, WiFi 6, Hmotnost 1,7 kg,  Windows 10 Home ",43691
Acer ConceptD 7 White celokovový,"Herní notebook - Intel Core i7 9750H Coffee Lake,  15.6 IPS antireflexní 1920 × 1080 240Hz,  RAM  16GB DDR4,  NVIDIA GeForce RTX 2070 8GB,  SSD  1000GB,  podsvícená klávesnice,  USB 3.2 Gen 1,  USB 3.2 Gen 2,  USB-C, WiFi 5, Hmotnost 2 kg,  Windows 10 Home ",40661
Acer ConceptD 7 White celokovový,"Herní notebook - Intel Core i7 10870H Comet Lake,  15.6 IPS antireflexní 1920 × 1080 144Hz,  RAM  16GB DDR4,  NVIDIA GeForce RTX 2060  6GB,  SSD  1000GB,  podsvícená klávesnice,  USB 3.2 Gen 1,  USB-C, WiFi 6,  66 Wh baterie, Hmotnost 2,3 kg,  Windows 10 Home G512LV-HN246T ",39890
Acer ConceptD 7 White celokovový,"Herní notebook - Intel Core i5 10300H Comet Lake,  15.6 IPS matný 1920 × 1080 144Hz,  RAM  16GB DDR4,  NVIDIA GeForce GTX 1660 Ti 6GB,  SSD  512GB,  podsvícená klávesnice,  webkamera,  USB 3.2 Gen 1,  USB-C, WiFi 6,  51 Wh baterie, Hmotnost 1,86 kg,  Windows 10 Home ",26990
Acer ConceptD 7 White celokovový,"Herní notebook - Intel Core i7 9750H Coffee Lake,  17.3 IPS matný 1920 × 1080 144Hz,  RAM  32GB DDR4,  NVIDIA GeForce RTX 2080 Max-Q 8GB,  SSD  2000GB,  numerická klávesnice,  podsvícená klávesnice,  webkamera,  USB 3.2 Gen 2,  USB-C,  WiFi 802.11ac,  4článková baterie 82 Wh,  Windows 10 Home ",86470
Acer ConceptD 7 White celokovový,"Notebook - Intel Core i9 9880H Coffee Lake,  15.6 IPS matný 3840 × 2160,  RAM  16GB DDR4,  NVIDIA GeForce RTX 2060  6GB,  SSD  1TB,  podsvícená klávesnice,  webkamera,  USB 3.2 Gen 1,  USB-C,  Thunderbolt 3, čtečka otisků prstů,  WiFi 802.11ac,  4článková baterie 5280 mAh,  Windows 10 Pro P65 Creator 9SE-1278CZ",62690
Acer ConceptD 7 White celokovový,"Herní notebook - Intel Core i7 10870H Comet Lake,  17.3 IPS matný 1920 × 1080 240Hz,  RAM  16GB DDR4,  NVIDIA GeForce RTX 3060 6GB,  SSD  1000GB,  numerická klávesnice, podsvícená RGB klávesnice,  webkamera,  USB 3.2 Gen 1,  USB-C, WiFi 6,  65 Wh baterie, Hmotnost 2,9 kg,  Windows 10 Home ",52241
Acer ConceptD 7 White celokovový,"Herní notebook - Intel Core i7 10750H Comet Lake,  15.6 IPS matný 1920 × 1080 300Hz,  RAM  32GB DDR4-SDRAM,  NVIDIA GeForce RTX 2080 Super 8GB,  SSD  2000GB,  podsvícená klávesnice,  webkamera,  USB 3.2 Gen 1,  USB-C, WiFi 6, Hmotnost 2,1 kg,  Windows 10 Home (PT515-52-70HB) ",55990
